pothole_mp4-0024_jpg.rf.264757c54756d3c21fdf0cde43bc374d.jpg,720,640,"[407, 214, 86.5, 50]"
pothole_mp4-0024_jpg.rf.264757c54756d3c21fdf0cde43bc374d.jpg,720,640,"[78, 227, 161.5, 60]"
pothole_mp4-0024_jpg.rf.264757c54756d3c21fdf0cde43bc374d.jpg,720,640,"[0, 192, 58, 74]"
pothole_mp4-0024_jpg.rf.264757c54756d3c21fdf0cde43bc374d.jpg,720,640,"[56, 127, 108, 63]"
pothole_mp4-0024_jpg.rf.264757c54756d3c21fdf0cde43bc374d.jpg,720,640,"[301, 88, 43, 28.5]"
pothole_mp4-0024_jpg.rf.264757c54756d3c21fdf0cde43bc374d.jpg,720,640,"[432, 112, 71.5, 30]"
pothole_mp4-0007_jpg.rf.10f484c8ae97840837c821dba580a5c5.jpg,720,640,"[0, 339, 216, 142]"
pothole_mp4-0007_jpg.rf.10f484c8ae97840837c821dba580a5c5.jpg,720,640,"[46, 531, 205, 109]"
pothole_mp4-0007_jpg.rf.10f484c8ae97840837c821dba580a5c5.jpg,720,640,"[181, 181, 116, 45.5]"
pothole_mp4-0007_jpg.rf.10f484c8ae97840837c821dba580a5c5.jpg,720,640,"[267, 225, 114.5, 37]"
pothole_mp4-0007_jpg.rf.10f484c8ae97840837c821dba580a5c5.jpg,720,640,"[347, 271, 74, 55.5]"
pothole_mp4-0007_jpg.rf.10f484c8ae97840837c821dba580a5c5.jpg,720,640,"[256, 127, 97.5, 44]"
pothole_mp4-0007_jpg.rf.10f484c8ae97840837c821dba580a5c5.jpg,720,640,"[596, 178, 124, 175.5]"
pothole_mp4-0007_jpg.rf.10f484c8ae97840837c821dba580a5c5.jpg,720,640,"[363, 52, 78.5, 30]"
pothole_mp4-0007_jpg.rf.10f484c8ae97840837c821dba580a5c5.jpg,720,640,"[415, 106, 41.5, 26]"
pothole_mp4-0007_jpg.rf.10f484c8ae97840837c821dba580a5c5.jpg,720,640,"[487, 121, 44, 20.5]"
pothole_mp4-0007_jpg.rf.10f484c8ae97840837c821dba580a5c5.jpg,720,640,"[0, 116, 15.5, 47]"
pothole_mp4-0007_jpg.rf.10f484c8ae97840837c821dba580a5c5.jpg,720,640,"[209, 101, 46.5, 20]"
pothole_mp4-0007_jpg.rf.10f484c8ae97840837c821dba580a5c5.jpg,720,640,"[83, 117, 47.5, 25.5]"
pothole_mp4-0026_jpg.rf.63e84ed3f60d9ac6cce849c3a39620d9.jpg,720,640,"[334, 221, 69, 37]"
pothole_mp4-0026_jpg.rf.63e84ed3f60d9ac6cce849c3a39620d9.jpg,720,640,"[345, 179, 49, 35.5]"
pothole_mp4-0026_jpg.rf.63e84ed3f60d9ac6cce849c3a39620d9.jpg,720,640,"[454, 353, 152.5, 75.5]"
pothole_mp4-0026_jpg.rf.63e84ed3f60d9ac6cce849c3a39620d9.jpg,720,640,"[600, 272, 120, 84]"
pothole_mp4-0026_jpg.rf.63e84ed3f60d9ac6cce849c3a39620d9.jpg,720,640,"[0, 358, 35.5, 53]"
pothole_mp4-0026_jpg.rf.63e84ed3f60d9ac6cce849c3a39620d9.jpg,720,640,"[498, 148, 44, 24.5]"
pothole_mp4-0026_jpg.rf.63e84ed3f60d9ac6cce849c3a39620d9.jpg,720,640,"[119, 107, 39.5, 25.5]"
pothole_mp4-0026_jpg.rf.63e84ed3f60d9ac6cce849c3a39620d9.jpg,720,640,"[164, 83, 71.5, 40]"
pothole_mp4-0026_jpg.rf.63e84ed3f60d9ac6cce849c3a39620d9.jpg,720,640,"[366, 87, 44, 18.5]"
pothole_mp4-0013_jpg.rf.e10bb99d67ea5519ac9fa1128dd1631c.jpg,720,640,"[458, 285, 75, 60]"
pothole_mp4-0013_jpg.rf.e10bb99d67ea5519ac9fa1128dd1631c.jpg,720,640,"[168, 288, 90, 70]"
pothole_mp4-0013_jpg.rf.e10bb99d67ea5519ac9fa1128dd1631c.jpg,720,640,"[237, 198, 220.5, 50]"
pothole_mp4-0013_jpg.rf.e10bb99d67ea5519ac9fa1128dd1631c.jpg,720,640,"[357, 164, 102.5, 31.5]"
pothole_mp4-0013_jpg.rf.e10bb99d67ea5519ac9fa1128dd1631c.jpg,720,640,"[0, 248, 70.5, 58]"
pothole_mp4-0013_jpg.rf.e10bb99d67ea5519ac9fa1128dd1631c.jpg,720,640,"[469, 147, 243, 65.5]"
pothole_mp4-0021_jpg.rf.41044b66447c3f06d8c21ae39bf38162.jpg,720,640,"[31, 398, 157, 74]"
pothole_mp4-0021_jpg.rf.41044b66447c3f06d8c21ae39bf38162.jpg,720,640,"[47, 294, 131, 43]"
pothole_mp4-0021_jpg.rf.41044b66447c3f06d8c21ae39bf38162.jpg,720,640,"[355, 208, 91, 44]"
pothole_mp4-0021_jpg.rf.41044b66447c3f06d8c21ae39bf38162.jpg,720,640,"[459, 94, 114.5, 66]"
pothole_mp4-0021_jpg.rf.41044b66447c3f06d8c21ae39bf38162.jpg,720,640,"[122, 46, 27.5, 18]"
pothole_mp4-0021_jpg.rf.41044b66447c3f06d8c21ae39bf38162.jpg,720,640,"[209, 81, 54.5, 28.5]"
pothole_mp4-0021_jpg.rf.41044b66447c3f06d8c21ae39bf38162.jpg,720,640,"[337, 81, 39.5, 20]"
pothole_mp4-0027_jpg.rf.0d8e89b0373f6edf01e30f302a313209.jpg,720,640,"[356, 470, 171.5, 122.5]"
pothole_mp4-0027_jpg.rf.0d8e89b0373f6edf01e30f302a313209.jpg,720,640,"[359, 342, 115, 84]"
pothole_mp4-0027_jpg.rf.0d8e89b0373f6edf01e30f302a313209.jpg,720,640,"[137, 147, 88, 35]"
pothole_mp4-0027_jpg.rf.0d8e89b0373f6edf01e30f302a313209.jpg,720,640,"[215, 158, 85.5, 54]"
pothole_mp4-0027_jpg.rf.0d8e89b0373f6edf01e30f302a313209.jpg,720,640,"[377, 109, 66, 38.5]"
pothole_mp4-0027_jpg.rf.0d8e89b0373f6edf01e30f302a313209.jpg,720,640,"[589, 236, 80.5, 35.5]"
pothole_mp4-0027_jpg.rf.0d8e89b0373f6edf01e30f302a313209.jpg,720,640,"[349, 154, 27.5, 20]"
pothole_mp4-0027_jpg.rf.0d8e89b0373f6edf01e30f302a313209.jpg,720,640,"[341, 118, 27, 17]"
pothole_mp4-0027_jpg.rf.0d8e89b0373f6edf01e30f302a313209.jpg,720,640,"[273, 91, 38.5, 18.5]"
pothole_mp4-0027_jpg.rf.0d8e89b0373f6edf01e30f302a313209.jpg,720,640,"[336, 85, 30.5, 23]"
pothole_mp4-0006_jpg.rf.93a55ae7e938d01b4f596986511be90c.jpg,720,640,"[142, 212, 125, 50]"
pothole_mp4-0006_jpg.rf.93a55ae7e938d01b4f596986511be90c.jpg,720,640,"[194, 279, 100, 38.5]"
pothole_mp4-0006_jpg.rf.93a55ae7e938d01b4f596986511be90c.jpg,720,640,"[511, 165, 190, 82.5]"
pothole_mp4-0006_jpg.rf.93a55ae7e938d01b4f596986511be90c.jpg,720,640,"[0, 431, 100, 158]"
pothole_mp4-0006_jpg.rf.93a55ae7e938d01b4f596986511be90c.jpg,720,640,"[202, 479, 234, 161]"
pothole_mp4-0006_jpg.rf.93a55ae7e938d01b4f596986511be90c.jpg,720,640,"[216, 133, 82, 35]"
pothole_mp4-0006_jpg.rf.93a55ae7e938d01b4f596986511be90c.jpg,720,640,"[3, 102, 74, 37.5]"
pothole_mp4-0006_jpg.rf.93a55ae7e938d01b4f596986511be90c.jpg,720,640,"[352, 24, 44, 22.5]"
pothole_mp4-0006_jpg.rf.93a55ae7e938d01b4f596986511be90c.jpg,720,640,"[365, 51, 51.5, 17.5]"
pothole_mp4-0006_jpg.rf.93a55ae7e938d01b4f596986511be90c.jpg,720,640,"[407, 96, 27.5, 8.5]"
pothole_mp4-0006_jpg.rf.93a55ae7e938d01b4f596986511be90c.jpg,720,640,"[466, 95, 22.5, 21.5]"
pothole_mp4-0006_jpg.rf.93a55ae7e938d01b4f596986511be90c.jpg,720,640,"[421, 74, 34, 25]"
pothole_mp4-0006_jpg.rf.93a55ae7e938d01b4f596986511be90c.jpg,720,640,"[278, 104, 73, 30.5]"
pothole_mp4-0006_jpg.rf.93a55ae7e938d01b4f596986511be90c.jpg,720,640,"[231, 74, 31, 28.5]"
pothole_mp4-0006_jpg.rf.93a55ae7e938d01b4f596986511be90c.jpg,720,640,"[341, 184, 42, 25.5]"
pothole_mp4-0006_jpg.rf.93a55ae7e938d01b4f596986511be90c.jpg,720,640,"[123, 97, 36.5, 20]"
pothole_mp4-0006_jpg.rf.93a55ae7e938d01b4f596986511be90c.jpg,720,640,"[288, 50, 25, 17]"
pothole_mp4-0004_jpg.rf.37f95c359b288fcb3c85f8f8185fc9d9.jpg,720,640,"[0, 424, 122, 105]"
pothole_mp4-0004_jpg.rf.37f95c359b288fcb3c85f8f8185fc9d9.jpg,720,640,"[40, 268, 200, 64]"
pothole_mp4-0004_jpg.rf.37f95c359b288fcb3c85f8f8185fc9d9.jpg,720,640,"[409, 221, 56, 38.5]"
pothole_mp4-0004_jpg.rf.37f95c359b288fcb3c85f8f8185fc9d9.jpg,720,640,"[436, 266, 64.5, 41.5]"
pothole_mp4-0004_jpg.rf.37f95c359b288fcb3c85f8f8185fc9d9.jpg,720,640,"[546, 213, 174, 209.5]"
pothole_mp4-0004_jpg.rf.37f95c359b288fcb3c85f8f8185fc9d9.jpg,720,640,"[265, 191, 93, 31.5]"
pothole_mp4-0004_jpg.rf.37f95c359b288fcb3c85f8f8185fc9d9.jpg,720,640,"[68, 171, 146.5, 57]"
pothole_mp4-0004_jpg.rf.37f95c359b288fcb3c85f8f8185fc9d9.jpg,720,640,"[207, 121, 68, 31.5]"
pothole_mp4-0004_jpg.rf.37f95c359b288fcb3c85f8f8185fc9d9.jpg,720,640,"[43, 139, 108, 24.5]"
pothole_mp4-0004_jpg.rf.37f95c359b288fcb3c85f8f8185fc9d9.jpg,720,640,"[0, 345, 125.5, 81]"
pothole_mp4-0004_jpg.rf.37f95c359b288fcb3c85f8f8185fc9d9.jpg,720,640,"[458, 97, 100, 50]"
pothole_mp4-0008_jpg.rf.4571db792c5c07722a1984272713dd78.jpg,720,640,"[116, 268, 188.5, 90]"
pothole_mp4-0008_jpg.rf.4571db792c5c07722a1984272713dd78.jpg,720,640,"[237, 358, 190, 94]"
pothole_mp4-0008_jpg.rf.4571db792c5c07722a1984272713dd78.jpg,720,640,"[383, 505, 141, 127]"
pothole_mp4-0008_jpg.rf.4571db792c5c07722a1984272713dd78.jpg,720,640,"[241, 179, 132, 55.5]"
pothole_mp4-0008_jpg.rf.4571db792c5c07722a1984272713dd78.jpg,720,640,"[177, 121, 72.5, 30]"
pothole_mp4-0008_jpg.rf.4571db792c5c07722a1984272713dd78.jpg,720,640,"[229, 152, 89.5, 21.5]"
pothole_mp4-0008_jpg.rf.4571db792c5c07722a1984272713dd78.jpg,720,640,"[530, 153, 69.5, 34]"
pothole_mp4-0008_jpg.rf.4571db792c5c07722a1984272713dd78.jpg,720,640,"[427, 157, 57, 33]"
pothole_mp4-0008_jpg.rf.4571db792c5c07722a1984272713dd78.jpg,720,640,"[434, 142, 65, 15.5]"
pothole_mp4-0008_jpg.rf.4571db792c5c07722a1984272713dd78.jpg,720,640,"[452, 118, 77, 27]"
pothole_mp4-0008_jpg.rf.4571db792c5c07722a1984272713dd78.jpg,720,640,"[22, 151, 50, 41.5]"
pothole_mp4-0008_jpg.rf.4571db792c5c07722a1984272713dd78.jpg,720,640,"[366, 53, 79, 39]"
pothole_mp4-0008_jpg.rf.4571db792c5c07722a1984272713dd78.jpg,720,640,"[278, 65, 34, 19.5]"
pothole_mp4-0005_jpg.rf.c3cde87c7b8f19b37bd7d3ab0e71afe5.jpg,720,640,"[0, 249, 190, 90]"
pothole_mp4-0005_jpg.rf.c3cde87c7b8f19b37bd7d3ab0e71afe5.jpg,720,640,"[257, 274, 134, 74]"
pothole_mp4-0005_jpg.rf.c3cde87c7b8f19b37bd7d3ab0e71afe5.jpg,720,640,"[485, 358, 85.5, 61.5]"
pothole_mp4-0005_jpg.rf.c3cde87c7b8f19b37bd7d3ab0e71afe5.jpg,720,640,"[516, 442, 165, 132.5]"
pothole_mp4-0005_jpg.rf.c3cde87c7b8f19b37bd7d3ab0e71afe5.jpg,720,640,"[0, 182, 98, 40]"
pothole_mp4-0005_jpg.rf.c3cde87c7b8f19b37bd7d3ab0e71afe5.jpg,720,640,"[179, 147, 102.5, 50]"
pothole_mp4-0005_jpg.rf.c3cde87c7b8f19b37bd7d3ab0e71afe5.jpg,720,640,"[492, 121, 131, 72.5]"
pothole_mp4-0005_jpg.rf.c3cde87c7b8f19b37bd7d3ab0e71afe5.jpg,720,640,"[247, 108, 77.5, 23]"
pothole_mp4-0000_jpg.rf.297cc48084c7c07f7506ed6b5c053cbe.jpg,720,640,"[65, 426, 402, 214]"
pothole_mp4-0000_jpg.rf.297cc48084c7c07f7506ed6b5c053cbe.jpg,720,640,"[173, 259, 96.5, 70]"
pothole_mp4-0000_jpg.rf.297cc48084c7c07f7506ed6b5c053cbe.jpg,720,640,"[75, 179, 258, 48.5]"
pothole_mp4-0000_jpg.rf.297cc48084c7c07f7506ed6b5c053cbe.jpg,720,640,"[122, 134, 73, 40]"
pothole_mp4-0000_jpg.rf.297cc48084c7c07f7506ed6b5c053cbe.jpg,720,640,"[419, 142, 70.5, 24.5]"
pothole_mp4-0000_jpg.rf.297cc48084c7c07f7506ed6b5c053cbe.jpg,720,640,"[430, 167, 49, 27]"
pothole_mp4-0000_jpg.rf.297cc48084c7c07f7506ed6b5c053cbe.jpg,720,640,"[351, 128, 37.5, 21.5]"
pothole_mp4-0000_jpg.rf.297cc48084c7c07f7506ed6b5c053cbe.jpg,720,640,"[395, 207, 32, 27]"
pothole_mp4-0000_jpg.rf.297cc48084c7c07f7506ed6b5c053cbe.jpg,720,640,"[442, 107, 109, 37]"
pothole_mp4-0000_jpg.rf.297cc48084c7c07f7506ed6b5c053cbe.jpg,720,640,"[189, 114, 67, 21.5]"
pothole_mp4-0000_jpg.rf.297cc48084c7c07f7506ed6b5c053cbe.jpg,720,640,"[214, 94, 66, 20]"
pothole_mp4-0000_jpg.rf.297cc48084c7c07f7506ed6b5c053cbe.jpg,720,640,"[175, 65, 51, 20]"
pothole_mp4-0001_jpg.rf.17d92d6f6ffa6f463d412873e49346fa.jpg,720,640,"[65, 428, 171.5, 181]"
pothole_mp4-0001_jpg.rf.17d92d6f6ffa6f463d412873e49346fa.jpg,720,640,"[0, 246, 337.5, 83]"
pothole_mp4-0001_jpg.rf.17d92d6f6ffa6f463d412873e49346fa.jpg,720,640,"[61, 175, 103.5, 53]"
pothole_mp4-0001_jpg.rf.17d92d6f6ffa6f463d412873e49346fa.jpg,720,640,"[146, 127, 98, 40]"
pothole_mp4-0001_jpg.rf.17d92d6f6ffa6f463d412873e49346fa.jpg,720,640,"[457, 183, 70.5, 24.5]"
pothole_mp4-0001_jpg.rf.17d92d6f6ffa6f463d412873e49346fa.jpg,720,640,"[476, 228, 49, 27]"
pothole_mp4-0001_jpg.rf.17d92d6f6ffa6f463d412873e49346fa.jpg,720,640,"[368, 162, 37.5, 21.5]"
pothole_mp4-0001_jpg.rf.17d92d6f6ffa6f463d412873e49346fa.jpg,720,640,"[443, 314, 32, 27]"
pothole_mp4-0001_jpg.rf.17d92d6f6ffa6f463d412873e49346fa.jpg,720,640,"[462, 127, 134, 53]"
pothole_mp4-0001_jpg.rf.17d92d6f6ffa6f463d412873e49346fa.jpg,720,640,"[161, 77, 50, 17]"
pothole_mp4-0001_jpg.rf.17d92d6f6ffa6f463d412873e49346fa.jpg,720,640,"[202, 110, 71.5, 27]"
pothole_mp4-0001_jpg.rf.17d92d6f6ffa6f463d412873e49346fa.jpg,720,640,"[417, 67, 49, 27]"
pothole_mp4-0001_jpg.rf.17d92d6f6ffa6f463d412873e49346fa.jpg,720,640,"[364, 105, 39.5, 25.5]"
pothole_mp4-0015_jpg.rf.56e914bf52584fcf0043c4b5852ca1bd.jpg,720,640,"[407, 169, 60, 33]"
pothole_mp4-0015_jpg.rf.56e914bf52584fcf0043c4b5852ca1bd.jpg,720,640,"[401, 64, 123, 54]"
pothole_mp4-0015_jpg.rf.56e914bf52584fcf0043c4b5852ca1bd.jpg,720,640,"[73, 53, 72, 31]"
pothole_mp4-0015_jpg.rf.56e914bf52584fcf0043c4b5852ca1bd.jpg,720,640,"[165, 89, 56.5, 26]"
pothole_mp4-0015_jpg.rf.56e914bf52584fcf0043c4b5852ca1bd.jpg,720,640,"[270, 99, 26, 23]"
pothole_mp4-0015_jpg.rf.56e914bf52584fcf0043c4b5852ca1bd.jpg,720,640,"[192, 19, 19, 14]"
pothole_mp4-0015_jpg.rf.56e914bf52584fcf0043c4b5852ca1bd.jpg,720,640,"[245, 71, 39.5, 15.5]"
pothole_mp4-0010_jpg.rf.b5833b1cc910ee67defebfc8c31537ae.jpg,720,640,"[76, 235, 144, 53]"
pothole_mp4-0010_jpg.rf.b5833b1cc910ee67defebfc8c31537ae.jpg,720,640,"[147, 315, 179.5, 90]"
pothole_mp4-0010_jpg.rf.b5833b1cc910ee67defebfc8c31537ae.jpg,720,640,"[586, 338, 134, 67]"
pothole_mp4-0010_jpg.rf.b5833b1cc910ee67defebfc8c31537ae.jpg,720,640,"[534, 257, 150, 57]"
pothole_mp4-0010_jpg.rf.b5833b1cc910ee67defebfc8c31537ae.jpg,720,640,"[536, 194, 153.5, 53]"
pothole_mp4-0010_jpg.rf.b5833b1cc910ee67defebfc8c31537ae.jpg,720,640,"[271, 88, 45.5, 25.5]"
pothole_mp4-0010_jpg.rf.b5833b1cc910ee67defebfc8c31537ae.jpg,720,640,"[231, 108, 54.5, 18.5]"
pothole_mp4-0014_jpg.rf.c795839dfca0cdc12be99dee2692aa05.jpg,720,640,"[201, 345, 371.5, 158.5]"
pothole_mp4-0014_jpg.rf.c795839dfca0cdc12be99dee2692aa05.jpg,720,640,"[419, 258, 140, 65.5]"
pothole_mp4-0014_jpg.rf.c795839dfca0cdc12be99dee2692aa05.jpg,720,640,"[544, 185, 175.5, 150]"
pothole_mp4-0023_jpg.rf.0ede52c491cefd13900df57d9a38ca7e.jpg,720,640,"[174, 308, 71.5, 55.5]"
pothole_mp4-0023_jpg.rf.0ede52c491cefd13900df57d9a38ca7e.jpg,720,640,"[360, 137, 71.5, 40]"
pothole_mp4-0023_jpg.rf.0ede52c491cefd13900df57d9a38ca7e.jpg,720,640,"[418, 339, 98, 77]"
pothole_mp4-0023_jpg.rf.0ede52c491cefd13900df57d9a38ca7e.jpg,720,640,"[149, 144, 110.5, 38.5]"
pothole_mp4-0023_jpg.rf.0ede52c491cefd13900df57d9a38ca7e.jpg,720,640,"[0, 141, 94, 98]"
pothole_mp4-0003_jpg.rf.94be96004349788da79a07361120d3d7.jpg,720,640,"[30, 221, 169, 82.5]"
pothole_mp4-0003_jpg.rf.94be96004349788da79a07361120d3d7.jpg,720,640,"[411, 311, 94.5, 84]"
pothole_mp4-0003_jpg.rf.94be96004349788da79a07361120d3d7.jpg,720,640,"[530, 201, 190, 115]"
pothole_mp4-0003_jpg.rf.94be96004349788da79a07361120d3d7.jpg,720,640,"[596, 383, 124, 126]"
pothole_mp4-0003_jpg.rf.94be96004349788da79a07361120d3d7.jpg,720,640,"[282, 134, 59, 33]"
pothole_mp4-0003_jpg.rf.94be96004349788da79a07361120d3d7.jpg,720,640,"[118, 172, 130.5, 45.5]"
pothole_mp4-0003_jpg.rf.94be96004349788da79a07361120d3d7.jpg,720,640,"[439, 88, 72.5, 30]"
pothole_mp4-0003_jpg.rf.94be96004349788da79a07361120d3d7.jpg,720,640,"[99, 105, 82, 24.5]"
pothole_mp4-0003_jpg.rf.94be96004349788da79a07361120d3d7.jpg,720,640,"[126, 127, 137.5, 37]"
pothole_mp4-0003_jpg.rf.94be96004349788da79a07361120d3d7.jpg,720,640,"[386, 161, 41, 23]"
pothole_mp4-0003_jpg.rf.94be96004349788da79a07361120d3d7.jpg,720,640,"[400, 186, 46.5, 21.5]"
pothole_mp4-0003_jpg.rf.94be96004349788da79a07361120d3d7.jpg,720,640,"[229, 92, 48, 24.5]"
pothole_mp4-0016_jpg.rf.11797c4313f4e7c8786128bbd1a18c99.jpg,720,640,"[473, 276, 92, 61.5]"
pothole_mp4-0016_jpg.rf.11797c4313f4e7c8786128bbd1a18c99.jpg,720,640,"[257, 137, 48, 25.5]"
pothole_mp4-0016_jpg.rf.11797c4313f4e7c8786128bbd1a18c99.jpg,720,640,"[116, 115, 114.5, 30]"
pothole_mp4-0016_jpg.rf.11797c4313f4e7c8786128bbd1a18c99.jpg,720,640,"[81, 158, 73, 30]"
pothole_mp4-0016_jpg.rf.11797c4313f4e7c8786128bbd1a18c99.jpg,720,640,"[232, 98, 52, 17]"
pothole_mp4-0016_jpg.rf.11797c4313f4e7c8786128bbd1a18c99.jpg,720,640,"[121, 91, 48, 17]"
pothole_mp4-0016_jpg.rf.11797c4313f4e7c8786128bbd1a18c99.jpg,720,640,"[407, 85, 161.5, 61.5]"
pothole_mp4-0011_jpg.rf.925316a026b8bb56275b57745df9f451.jpg,720,640,"[0, 396, 125.5, 159]"
pothole_mp4-0011_jpg.rf.925316a026b8bb56275b57745df9f451.jpg,720,640,"[263, 109, 72.5, 28.5]"
pothole_mp4-0011_jpg.rf.925316a026b8bb56275b57745df9f451.jpg,720,640,"[204, 135, 76, 27]"
pothole_mp4-0011_jpg.rf.925316a026b8bb56275b57745df9f451.jpg,720,640,"[405, 91, 144.5, 45.5]"
pothole_mp4-0011_jpg.rf.925316a026b8bb56275b57745df9f451.jpg,720,640,"[403, 191, 49, 30]"
pothole_mp4-0011_jpg.rf.925316a026b8bb56275b57745df9f451.jpg,720,640,"[359, 131, 40, 27]"
pothole_mp4-0020_jpg.rf.bc554411ec73fbcaeb9d0d7350e8bf35.jpg,720,640,"[0, 518, 131, 120]"
pothole_mp4-0020_jpg.rf.bc554411ec73fbcaeb9d0d7350e8bf35.jpg,720,640,"[183, 272, 181, 92.5]"
pothole_mp4-0020_jpg.rf.bc554411ec73fbcaeb9d0d7350e8bf35.jpg,720,640,"[152, 222, 70.5, 31.5]"
pothole_mp4-0020_jpg.rf.bc554411ec73fbcaeb9d0d7350e8bf35.jpg,720,640,"[146, 180, 80.5, 28.5]"
pothole_mp4-0020_jpg.rf.bc554411ec73fbcaeb9d0d7350e8bf35.jpg,720,640,"[0, 172, 29, 49]"
pothole_mp4-0020_jpg.rf.bc554411ec73fbcaeb9d0d7350e8bf35.jpg,720,640,"[161, 74, 36.5, 34]"
pothole_mp4-0020_jpg.rf.bc554411ec73fbcaeb9d0d7350e8bf35.jpg,720,640,"[338, 144, 63.5, 27]"
pothole_mp4-0025_jpg.rf.e55726b10c2a07cf5f12daba9a71cde3.jpg,720,640,"[0, 468, 171, 159]"
pothole_mp4-0025_jpg.rf.e55726b10c2a07cf5f12daba9a71cde3.jpg,720,640,"[546, 440, 160.5, 125.5]"
pothole_mp4-0025_jpg.rf.e55726b10c2a07cf5f12daba9a71cde3.jpg,720,640,"[318, 118, 48, 50]"
pothole_mp4-0025_jpg.rf.e55726b10c2a07cf5f12daba9a71cde3.jpg,720,640,"[489, 165, 107, 41.5]"
pothole_mp4-0025_jpg.rf.e55726b10c2a07cf5f12daba9a71cde3.jpg,720,640,"[0, 205, 83, 98]"
pothole_mp4-0025_jpg.rf.e55726b10c2a07cf5f12daba9a71cde3.jpg,720,640,"[393, 43, 51, 19.5]"
pothole_mp4-0025_jpg.rf.e55726b10c2a07cf5f12daba9a71cde3.jpg,720,640,"[575, 131, 65, 41]"
pothole_mp4-0025_jpg.rf.e55726b10c2a07cf5f12daba9a71cde3.jpg,720,640,"[444, 101, 31.5, 23.5]"
pothole_mp4-0025_jpg.rf.e55726b10c2a07cf5f12daba9a71cde3.jpg,720,640,"[136, 52, 54, 16.5]"
pothole_mp4-0012_jpg.rf.ec2d824443132cbe77673aa25aecc96a.jpg,720,640,"[171, 309, 133, 68.5]"
pothole_mp4-0012_jpg.rf.ec2d824443132cbe77673aa25aecc96a.jpg,720,640,"[390, 379, 60, 50]"
pothole_mp4-0012_jpg.rf.ec2d824443132cbe77673aa25aecc96a.jpg,720,640,"[485, 294, 59, 44]"
pothole_mp4-0012_jpg.rf.ec2d824443132cbe77673aa25aecc96a.jpg,720,640,"[383, 176, 59, 28.5]"
pothole_mp4-0012_jpg.rf.ec2d824443132cbe77673aa25aecc96a.jpg,720,640,"[210, 182, 67, 28.5]"
pothole_mp4-0012_jpg.rf.ec2d824443132cbe77673aa25aecc96a.jpg,720,640,"[260, 140, 142, 30]"
pothole_mp4-0012_jpg.rf.ec2d824443132cbe77673aa25aecc96a.jpg,720,640,"[430, 107, 186.5, 60]"
pothole_mp4-0009_jpg.rf.f3c1860d4296d208130e7da6a9cc41f7.jpg,720,640,"[213, 278, 197.656, 79.875]"
pothole_mp4-0009_jpg.rf.f3c1860d4296d208130e7da6a9cc41f7.jpg,720,640,"[208, 216, 101.563, 31.201]"
pothole_mp4-0009_jpg.rf.f3c1860d4296d208130e7da6a9cc41f7.jpg,720,640,"[149, 173, 78.125, 22.465]"
pothole_mp4-0009_jpg.rf.f3c1860d4296d208130e7da6a9cc41f7.jpg,720,640,"[491, 233, 65.625, 12.48]"
pothole_mp4-0009_jpg.rf.f3c1860d4296d208130e7da6a9cc41f7.jpg,720,640,"[632, 231, 70.313, 22.465]"
pothole_mp4-0009_jpg.rf.f3c1860d4296d208130e7da6a9cc41f7.jpg,720,640,"[499, 158, 84.375, 19.969]"
pothole_mp4-0009_jpg.rf.f3c1860d4296d208130e7da6a9cc41f7.jpg,720,640,"[491, 191, 65.625, 18.721]"
pothole_mp4-0009_jpg.rf.f3c1860d4296d208130e7da6a9cc41f7.jpg,720,640,"[275, 81, 41.5, 15.5]"
pothole_mp4-0009_jpg.rf.f3c1860d4296d208130e7da6a9cc41f7.jpg,720,640,"[381, 75, 94, 30.5]"
108_jpg.rf.f261c88d726c11a8c4b3cf86c4f943ed.jpg,720,640,"[53, 225, 520, 407.5]"
108_jpg.rf.f261c88d726c11a8c4b3cf86c4f943ed.jpg,720,640,"[248, 73, 378, 163]"
185_jpg.rf.f7d6af5f4b38e732757c14cfa600eaf8.jpg,720,640,"[227, 418, 488, 144.5]"
219_jpg.rf.f97c331b61cc4350021ba8eeef0b3f46.jpg,720,640,"[181, 452, 223.5, 150.5]"
219_jpg.rf.f97c331b61cc4350021ba8eeef0b3f46.jpg,720,640,"[332, 286, 235.5, 138]"
34_jpg.rf.f6a902281a80aff4e4eed0becd121421.jpg,720,640,"[86, 24, 523.5, 451]"
105_jpg.rf.eca7e90d89432d8f71cec149f303d9c2.jpg,720,640,"[250, 276, 253, 197.5]"
105_jpg.rf.eca7e90d89432d8f71cec149f303d9c2.jpg,720,640,"[94, 401, 193.5, 184]"
96_jpg.rf.fabb4f3399cd11d09f1b852b4b0314df.jpg,720,640,"[155, 133, 565, 461]"
110_jpg.rf.f38c0d271a20e3c391730e57288033df.jpg,720,640,"[50, 378, 654, 237]"
110_jpg.rf.f38c0d271a20e3c391730e57288033df.jpg,720,640,"[258, 247, 202, 106.5]"
110_jpg.rf.f38c0d271a20e3c391730e57288033df.jpg,720,640,"[496, 282, 96.5, 25.5]"
42_jpg.rf.f19a97f77fd5d1aaaccde9b270e8b6bd.jpg,720,640,"[5, 450, 592, 160]"
42_jpg.rf.f19a97f77fd5d1aaaccde9b270e8b6bd.jpg,720,640,"[181, 265, 246, 84.5]"
123_jpg.rf.f61e9c53fdd64fb0f186ec8c9c60e35d.jpg,720,640,"[135, 144, 462.5, 216.5]"
63_jpg.rf.f05c0f163f9a6d971e2b2242e10dd76e.jpg,720,640,"[88, 138, 522, 285.5]"
193_jpg.rf.fce91b2ab48f5bb814fc99f841844886.jpg,720,640,"[405, 405, 179, 170.5]"
275_jpg.rf.eed9b3ffc5b529ee16c96c91f1fa8aa6.jpg,720,640,"[248, 60, 301, 315]"
275_jpg.rf.eed9b3ffc5b529ee16c96c91f1fa8aa6.jpg,720,640,"[57, 243, 138, 198]"
55_jpg.rf.fe9fbf390c00ade0f7b965caf0ae8962.jpg,720,640,"[287, 238, 79.5, 48]"
55_jpg.rf.fe9fbf390c00ade0f7b965caf0ae8962.jpg,720,640,"[460, 305, 178.5, 115]"
129_jpg.rf.fa750deef716c25ffd89cb549afa154f.jpg,720,640,"[146, 417, 379.5, 192]"
210_jpg.rf.f6bbec163a0727b93c1bb78087534a96.jpg,720,640,"[253, 313, 275.5, 169.5]"
210_jpg.rf.f6bbec163a0727b93c1bb78087534a96.jpg,720,640,"[444, 578, 176, 62]"
210_jpg.rf.f6bbec163a0727b93c1bb78087534a96.jpg,720,640,"[157, 184, 288, 93.5]"
59_jpg.rf.fa387ffc6e7bfc3dff15cedbe00f4d3e.jpg,720,640,"[100, 175, 510, 371]"
65_jpg.rf.f8ec6bc19a966a49b5bc2dc46731b1d2.jpg,720,640,"[61, 250, 233, 181.5]"
65_jpg.rf.f8ec6bc19a966a49b5bc2dc46731b1d2.jpg,720,640,"[420, 172, 244.5, 237.5]"
30_jpg.rf.f1ef883e3c4320ec387ed7c281aa06ff.jpg,720,640,"[281, 294, 411.5, 151.5]"
30_jpg.rf.f1ef883e3c4320ec387ed7c281aa06ff.jpg,720,640,"[0, 520, 191, 101.5]"
308_jpg.rf.f9e78c19016fc7b4bdfb5b1614b909b6.jpg,720,640,"[0, 349, 254, 290]"
308_jpg.rf.f9e78c19016fc7b4bdfb5b1614b909b6.jpg,720,640,"[304, 90, 366.5, 284.5]"
144_jpg.rf.ff6f706a1b27d8da22f702b944a2eb50.jpg,720,640,"[323, 138, 78.5, 68]"
144_jpg.rf.ff6f706a1b27d8da22f702b944a2eb50.jpg,720,640,"[195, 321, 274, 291]"
8_jpg.rf.fd0cb576a3ad19ac1bd23a288933b113.jpg,720,640,"[257, 425, 123.5, 65.5]"
8_jpg.rf.fd0cb576a3ad19ac1bd23a288933b113.jpg,720,640,"[336, 519, 72, 46]"
8_jpg.rf.fd0cb576a3ad19ac1bd23a288933b113.jpg,720,640,"[470, 516, 69.5, 80]"
8_jpg.rf.fd0cb576a3ad19ac1bd23a288933b113.jpg,720,640,"[183, 478, 75, 54]"
8_jpg.rf.fd0cb576a3ad19ac1bd23a288933b113.jpg,720,640,"[409, 348, 75, 43.5]"
8_jpg.rf.fd0cb576a3ad19ac1bd23a288933b113.jpg,720,640,"[283, 208, 62.5, 37.5]"
196_jpg.rf.f9ae9dd19b61d4b453cef45b5f4fcd5f.jpg,720,640,"[214, 373, 209, 79.5]"
196_jpg.rf.f9ae9dd19b61d4b453cef45b5f4fcd5f.jpg,720,640,"[21, 474, 529.5, 144]"
196_jpg.rf.f9ae9dd19b61d4b453cef45b5f4fcd5f.jpg,720,640,"[445, 342, 128.5, 30.5]"
94_jpg.rf.016a7afe71f2ceb1ec6b905d3e6ec581.jpg,720,640,"[36, 283, 93, 51.5]"
94_jpg.rf.016a7afe71f2ceb1ec6b905d3e6ec581.jpg,720,640,"[240, 296, 147.5, 53]"
77_jpg.rf.012f8b7eb2be8972ef74e894cc779892.jpg,720,640,"[2, 4, 528, 636]"
62_jpg.rf.013dd2aa2333c0e46b2d564e0da4792c.jpg,720,640,"[212, 465, 110.5, 129]"
62_jpg.rf.013dd2aa2333c0e46b2d564e0da4792c.jpg,720,640,"[288, 321, 179, 127]"
62_jpg.rf.013dd2aa2333c0e46b2d564e0da4792c.jpg,720,640,"[122, 263, 147.5, 101.5]"
62_jpg.rf.013dd2aa2333c0e46b2d564e0da4792c.jpg,720,640,"[19, 157, 68.5, 67]"
62_jpg.rf.013dd2aa2333c0e46b2d564e0da4792c.jpg,720,640,"[98, 191, 61, 50.5]"
62_jpg.rf.013dd2aa2333c0e46b2d564e0da4792c.jpg,720,640,"[145, 102, 64.5, 87.5]"
62_jpg.rf.013dd2aa2333c0e46b2d564e0da4792c.jpg,720,640,"[217, 109, 109.5, 101.5]"
62_jpg.rf.013dd2aa2333c0e46b2d564e0da4792c.jpg,720,640,"[473, 102, 49, 30]"
62_jpg.rf.013dd2aa2333c0e46b2d564e0da4792c.jpg,720,640,"[482, 140, 72.5, 18]"
62_jpg.rf.013dd2aa2333c0e46b2d564e0da4792c.jpg,720,640,"[525, 196, 69, 47]"
62_jpg.rf.013dd2aa2333c0e46b2d564e0da4792c.jpg,720,640,"[557, 156, 65, 32]"
62_jpg.rf.013dd2aa2333c0e46b2d564e0da4792c.jpg,720,640,"[280, 243, 76, 65]"
62_jpg.rf.013dd2aa2333c0e46b2d564e0da4792c.jpg,720,640,"[196, 204, 36.5, 38.5]"
62_jpg.rf.013dd2aa2333c0e46b2d564e0da4792c.jpg,720,640,"[526, 71, 65.5, 41]"
136_jpg.rf.0035b20e2935c7676385b63ab7bf60af.jpg,720,640,"[27, 141, 675.5, 388.5]"
312_jpg.rf.03e2eabf3180d2d221fe8295b6c94d0c.jpg,720,640,"[305, 441, 181, 155.5]"
312_jpg.rf.03e2eabf3180d2d221fe8295b6c94d0c.jpg,720,640,"[332, 284, 128, 66.5]"
312_jpg.rf.03e2eabf3180d2d221fe8295b6c94d0c.jpg,720,640,"[415, 247, 105.5, 30]"
312_jpg.rf.03e2eabf3180d2d221fe8295b6c94d0c.jpg,720,640,"[437, 204, 71.5, 24.5]"
312_jpg.rf.03e2eabf3180d2d221fe8295b6c94d0c.jpg,720,640,"[343, 223, 81.5, 26.5]"
312_jpg.rf.03e2eabf3180d2d221fe8295b6c94d0c.jpg,720,640,"[249, 262, 77, 17.5]"
312_jpg.rf.03e2eabf3180d2d221fe8295b6c94d0c.jpg,720,640,"[255, 237, 61.5, 19]"
312_jpg.rf.03e2eabf3180d2d221fe8295b6c94d0c.jpg,720,640,"[317, 204, 41.5, 19.5]"
312_jpg.rf.03e2eabf3180d2d221fe8295b6c94d0c.jpg,720,640,"[374, 201, 43, 19.5]"
312_jpg.rf.03e2eabf3180d2d221fe8295b6c94d0c.jpg,720,640,"[393, 184, 69.5, 21]"
312_jpg.rf.03e2eabf3180d2d221fe8295b6c94d0c.jpg,720,640,"[377, 168, 50, 18.5]"
312_jpg.rf.03e2eabf3180d2d221fe8295b6c94d0c.jpg,720,640,"[413, 140, 92.5, 24]"
323_jpg.rf.0a27b46be900f0fc5d205c6a886e4ab1.jpg,720,640,"[4, 251, 704.5, 269]"
3_jpg.rf.0909b247e7a138158ba40f5a642bfd9c.jpg,720,640,"[375, 468, 97, 72]"
3_jpg.rf.0909b247e7a138158ba40f5a642bfd9c.jpg,720,640,"[422, 405, 182.5, 61.5]"
3_jpg.rf.0909b247e7a138158ba40f5a642bfd9c.jpg,720,640,"[503, 367, 138, 51.5]"
3_jpg.rf.0909b247e7a138158ba40f5a642bfd9c.jpg,720,640,"[417, 377, 86.5, 42.5]"
3_jpg.rf.0909b247e7a138158ba40f5a642bfd9c.jpg,720,640,"[473, 596, 106, 44]"
3_jpg.rf.0909b247e7a138158ba40f5a642bfd9c.jpg,720,640,"[148, 307, 98.5, 40]"
3_jpg.rf.0909b247e7a138158ba40f5a642bfd9c.jpg,720,640,"[270, 335, 149, 47]"
3_jpg.rf.0909b247e7a138158ba40f5a642bfd9c.jpg,720,640,"[249, 372, 117.5, 50.5]"
3_jpg.rf.0909b247e7a138158ba40f5a642bfd9c.jpg,720,640,"[365, 306, 164.5, 45.5]"
3_jpg.rf.0909b247e7a138158ba40f5a642bfd9c.jpg,720,640,"[230, 290, 146.5, 37.5]"
3_jpg.rf.0909b247e7a138158ba40f5a642bfd9c.jpg,720,640,"[448, 234, 85.5, 34.5]"
3_jpg.rf.0909b247e7a138158ba40f5a642bfd9c.jpg,720,640,"[357, 264, 75.5, 29.5]"
3_jpg.rf.0909b247e7a138158ba40f5a642bfd9c.jpg,720,640,"[244, 230, 58.5, 26.5]"
3_jpg.rf.0909b247e7a138158ba40f5a642bfd9c.jpg,720,640,"[405, 210, 36, 18.5]"
3_jpg.rf.0909b247e7a138158ba40f5a642bfd9c.jpg,720,640,"[458, 170, 33.5, 26.5]"
3_jpg.rf.0909b247e7a138158ba40f5a642bfd9c.jpg,720,640,"[605, 291, 98.5, 56]"
3_jpg.rf.0909b247e7a138158ba40f5a642bfd9c.jpg,720,640,"[513, 287, 38.5, 27.5]"
3_jpg.rf.0909b247e7a138158ba40f5a642bfd9c.jpg,720,640,"[165, 199, 53, 28.5]"
35_jpg.rf.0e2b4c5b5520a64f26c638f8d222d093.jpg,720,640,"[283, 157, 90, 29.5]"
35_jpg.rf.0e2b4c5b5520a64f26c638f8d222d093.jpg,720,640,"[141, 229, 230.5, 44.5]"
35_jpg.rf.0e2b4c5b5520a64f26c638f8d222d093.jpg,720,640,"[188, 316, 323.5, 77]"
35_jpg.rf.0e2b4c5b5520a64f26c638f8d222d093.jpg,720,640,"[127, 396, 510, 244]"
22_jpg.rf.058e23e93837fd01d5913af3440cc2f2.jpg,720,640,"[225, 284, 178.5, 76]"
22_jpg.rf.058e23e93837fd01d5913af3440cc2f2.jpg,720,640,"[521, 208, 155, 53]"
22_jpg.rf.058e23e93837fd01d5913af3440cc2f2.jpg,720,640,"[426, 333, 256.5, 188.5]"
65_jpg.rf.046b4a579a4a5bde7d0532789a057f31.jpg,720,640,"[69, 230, 204.5, 202]"
65_jpg.rf.046b4a579a4a5bde7d0532789a057f31.jpg,720,640,"[398, 173, 258, 223]"
7_jpg.rf.0e362d79b82d45949c91fe36e4a8076f.jpg,720,640,"[232, 381, 317, 195]"
220_jpg.rf.08478ee11ec48d4faf3fe73c765859c3.jpg,720,640,"[17, 318, 588.5, 291]"
103_jpg.rf.0c78af0df38a2eee375c4f1a801301b2.jpg,720,640,"[218, 308, 232, 91.5]"
278_jpg.rf.090f783a8c156a32ababdc610c0a7ed0.jpg,720,640,"[114, 232, 449.5, 209]"
178_jpg.rf.0c4de263eba63fc4775d19509e23b17e.jpg,720,640,"[102, 333, 201, 151]"
178_jpg.rf.0c4de263eba63fc4775d19509e23b17e.jpg,720,640,"[375, 333, 140.5, 119.5]"
178_jpg.rf.0c4de263eba63fc4775d19509e23b17e.jpg,720,640,"[369, 247, 199, 82.5]"
178_jpg.rf.0c4de263eba63fc4775d19509e23b17e.jpg,720,640,"[277, 166, 142, 64]"
178_jpg.rf.0c4de263eba63fc4775d19509e23b17e.jpg,720,640,"[64, 184, 113, 58]"
178_jpg.rf.0c4de263eba63fc4775d19509e23b17e.jpg,720,640,"[242, 16, 219.5, 70.5]"
178_jpg.rf.0c4de263eba63fc4775d19509e23b17e.jpg,720,640,"[389, 91, 71, 31.5]"
178_jpg.rf.0c4de263eba63fc4775d19509e23b17e.jpg,720,640,"[218, 90, 61.5, 45]"
80_jpg.rf.022fdbdc614ef2ffa7587c03f473183b.jpg,720,640,"[217, 44, 459, 573.5]"
232_jpg.rf.041b33a83bac5e01e987ec1fd4250258.jpg,720,640,"[90, 387, 192, 169]"
232_jpg.rf.041b33a83bac5e01e987ec1fd4250258.jpg,720,640,"[0, 102, 77, 120]"
232_jpg.rf.041b33a83bac5e01e987ec1fd4250258.jpg,720,640,"[229, 79, 221.5, 280]"
232_jpg.rf.041b33a83bac5e01e987ec1fd4250258.jpg,720,640,"[439, 115, 114.5, 94.5]"
232_jpg.rf.041b33a83bac5e01e987ec1fd4250258.jpg,720,640,"[539, 221, 117.5, 87]"
232_jpg.rf.041b33a83bac5e01e987ec1fd4250258.jpg,720,640,"[506, 371, 103.5, 143.5]"
319_jpg.rf.0c7e667093d7520330deca0cdf4c8a23.jpg,720,640,"[23, 285, 619, 303.5]"
283_jpg.rf.092d9dd0ccbf13aac46ded445f640483.jpg,720,640,"[278, 168, 125, 58.5]"
283_jpg.rf.092d9dd0ccbf13aac46ded445f640483.jpg,720,640,"[326, 288, 381.5, 194.5]"
283_jpg.rf.092d9dd0ccbf13aac46ded445f640483.jpg,720,640,"[37, 427, 335, 206.5]"
74_jpg.rf.0ed1d4724139af9f57897f77bba186a8.jpg,720,640,"[40, 303, 214, 138.5]"
74_jpg.rf.0ed1d4724139af9f57897f77bba186a8.jpg,720,640,"[204, 164, 52.5, 64.5]"
74_jpg.rf.0ed1d4724139af9f57897f77bba186a8.jpg,720,640,"[216, 224, 57, 31.5]"
74_jpg.rf.0ed1d4724139af9f57897f77bba186a8.jpg,720,640,"[246, 278, 43, 34]"
74_jpg.rf.0ed1d4724139af9f57897f77bba186a8.jpg,720,640,"[249, 319, 58.5, 35]"
74_jpg.rf.0ed1d4724139af9f57897f77bba186a8.jpg,720,640,"[304, 462, 67, 45]"
74_jpg.rf.0ed1d4724139af9f57897f77bba186a8.jpg,720,640,"[362, 199, 104.5, 54.5]"
74_jpg.rf.0ed1d4724139af9f57897f77bba186a8.jpg,720,640,"[565, 354, 95.5, 53.5]"
119_jpg.rf.0d194f8c14352b8e1285052592b72962.jpg,720,640,"[4, 18, 715.5, 604]"
25_jpg.rf.0c0415a989cb8f0c5ddaadbc15a7d18f.jpg,720,640,"[321, 375, 130.5, 64.5]"
104_jpg.rf.10e569afd3879d245a2abe4b07353865.jpg,720,640,"[244, 373, 248, 193]"
76_jpg.rf.0fb83e5a91a221c8060f35b8f73e0144.jpg,720,640,"[262, 101, 357.5, 316]"
191_jpg.rf.0eeacae6a03ab0ce0f6a0f1e579b6818.jpg,720,640,"[55, 355, 440, 258]"
191_jpg.rf.0eeacae6a03ab0ce0f6a0f1e579b6818.jpg,720,640,"[423, 290, 117.5, 46]"
285_jpg.rf.0ed82a5ce7beee992d4d7f990f00e365.jpg,720,640,"[207, 419, 247, 198]"
204_jpg.rf.103d82430ab4ffcf048034e01a93241d.jpg,720,640,"[305, 333, 408.5, 307]"
110_jpg.rf.01b6078082d09d2b35d53bc39ff32deb.jpg,720,640,"[77, 405, 550, 215.5]"
110_jpg.rf.01b6078082d09d2b35d53bc39ff32deb.jpg,720,640,"[283, 275, 161.5, 81.5]"
110_jpg.rf.01b6078082d09d2b35d53bc39ff32deb.jpg,720,640,"[485, 227, 116, 45.5]"
143_jpg.rf.12b9ffe61cf8e0b528b9abca954c1bb2.jpg,720,640,"[62, 141, 63.5, 38]"
143_jpg.rf.12b9ffe61cf8e0b528b9abca954c1bb2.jpg,720,640,"[25, 176, 236.5, 83]"
143_jpg.rf.12b9ffe61cf8e0b528b9abca954c1bb2.jpg,720,640,"[37, 269, 648.5, 256]"
55_jpg.rf.16b43eb0369d5914f51b58a149ca3f95.jpg,720,640,"[297, 229, 70, 80.5]"
55_jpg.rf.16b43eb0369d5914f51b58a149ca3f95.jpg,720,640,"[486, 270, 119, 142]"
95_jpg.rf.151a1cb216fa17405603bc1c4034cc83.jpg,720,640,"[1, 246, 719, 327]"
95_jpg.rf.151a1cb216fa17405603bc1c4034cc83.jpg,720,640,"[1, 64, 719, 172]"
1_jpg.rf.14e130c40f8db7985044f60889b1db5f.jpg,720,640,"[256, 157, 330.5, 187]"
299_jpg.rf.13dd33e490adc7aa6761b7aeebc42529.jpg,720,640,"[66, 345, 571, 295]"
299_jpg.rf.13dd33e490adc7aa6761b7aeebc42529.jpg,720,640,"[254, 146, 240.5, 44.5]"
299_jpg.rf.13dd33e490adc7aa6761b7aeebc42529.jpg,720,640,"[433, 93, 89.5, 28.5]"
299_jpg.rf.13dd33e490adc7aa6761b7aeebc42529.jpg,720,640,"[174, 101, 102.5, 16]"
299_jpg.rf.13dd33e490adc7aa6761b7aeebc42529.jpg,720,640,"[275, 75, 150, 25.5]"
157_jpg.rf.270e29a41c3b93e50aeb4daa04c51360.jpg,720,640,"[150, 231, 404.5, 340]"
157_jpg.rf.270e29a41c3b93e50aeb4daa04c51360.jpg,720,640,"[307, 48, 83.5, 35]"
73_jpg.rf.291c49a33cf9670b9d7d5761f2ce32e4.jpg,720,640,"[147, 528, 42, 34]"
73_jpg.rf.291c49a33cf9670b9d7d5761f2ce32e4.jpg,720,640,"[298, 551, 50, 23.5]"
73_jpg.rf.291c49a33cf9670b9d7d5761f2ce32e4.jpg,720,640,"[460, 506, 79, 45]"
73_jpg.rf.291c49a33cf9670b9d7d5761f2ce32e4.jpg,720,640,"[434, 473, 44, 49.5]"
73_jpg.rf.291c49a33cf9670b9d7d5761f2ce32e4.jpg,720,640,"[367, 450, 53.5, 47]"
73_jpg.rf.291c49a33cf9670b9d7d5761f2ce32e4.jpg,720,640,"[312, 502, 30, 27]"
73_jpg.rf.291c49a33cf9670b9d7d5761f2ce32e4.jpg,720,640,"[233, 366, 28, 39]"
73_jpg.rf.291c49a33cf9670b9d7d5761f2ce32e4.jpg,720,640,"[165, 465, 30, 29.5]"
73_jpg.rf.291c49a33cf9670b9d7d5761f2ce32e4.jpg,720,640,"[499, 390, 30, 25]"
73_jpg.rf.291c49a33cf9670b9d7d5761f2ce32e4.jpg,720,640,"[453, 588, 52.5, 16.5]"
73_jpg.rf.291c49a33cf9670b9d7d5761f2ce32e4.jpg,720,640,"[369, 539, 26.5, 29.5]"
73_jpg.rf.291c49a33cf9670b9d7d5761f2ce32e4.jpg,720,640,"[557, 610, 42, 30]"
73_jpg.rf.291c49a33cf9670b9d7d5761f2ce32e4.jpg,720,640,"[371, 395, 63.5, 22.5]"
73_jpg.rf.291c49a33cf9670b9d7d5761f2ce32e4.jpg,720,640,"[250, 327, 29, 19]"
73_jpg.rf.291c49a33cf9670b9d7d5761f2ce32e4.jpg,720,640,"[437, 333, 31.5, 19]"
73_jpg.rf.291c49a33cf9670b9d7d5761f2ce32e4.jpg,720,640,"[265, 282, 24.5, 25]"
58_jpg.rf.16bbc2de2fcb58522c5688f3eaefa321.jpg,720,640,"[178, 315, 289.5, 247.5]"
58_jpg.rf.16bbc2de2fcb58522c5688f3eaefa321.jpg,720,640,"[24, 272, 118, 39.5]"
17_jpg.rf.260ad7820479e4ba3dbe06959c27c626.jpg,720,640,"[475, 345, 91.5, 75]"
17_jpg.rf.260ad7820479e4ba3dbe06959c27c626.jpg,720,640,"[315, 307, 149.5, 100.5]"
17_jpg.rf.260ad7820479e4ba3dbe06959c27c626.jpg,720,640,"[109, 244, 222.5, 91.5]"
17_jpg.rf.260ad7820479e4ba3dbe06959c27c626.jpg,720,640,"[301, 171, 183.5, 67.5]"
17_jpg.rf.260ad7820479e4ba3dbe06959c27c626.jpg,720,640,"[479, 261, 79.5, 63.5]"
17_jpg.rf.260ad7820479e4ba3dbe06959c27c626.jpg,720,640,"[479, 493, 177.5, 146.5]"
17_jpg.rf.260ad7820479e4ba3dbe06959c27c626.jpg,720,640,"[256, 529, 147, 111]"
69_jpg.rf.22bc7b7a257baa809cb73ca17d12c727.jpg,720,640,"[120, 196, 300, 428.5]"
69_jpg.rf.22bc7b7a257baa809cb73ca17d12c727.jpg,720,640,"[410, 32, 206.5, 146]"
269_jpg.rf.1a14640152004c8f94f79ac9657d64c6.jpg,720,640,"[152, 556, 142, 84]"
269_jpg.rf.1a14640152004c8f94f79ac9657d64c6.jpg,720,640,"[381, 510, 110, 84.5]"
269_jpg.rf.1a14640152004c8f94f79ac9657d64c6.jpg,720,640,"[578, 429, 117, 52]"
269_jpg.rf.1a14640152004c8f94f79ac9657d64c6.jpg,720,640,"[628, 508, 33, 47]"
269_jpg.rf.1a14640152004c8f94f79ac9657d64c6.jpg,720,640,"[359, 394, 143.5, 72.5]"
269_jpg.rf.1a14640152004c8f94f79ac9657d64c6.jpg,720,640,"[523, 359, 91.5, 68]"
269_jpg.rf.1a14640152004c8f94f79ac9657d64c6.jpg,720,640,"[175, 357, 98.5, 49]"
269_jpg.rf.1a14640152004c8f94f79ac9657d64c6.jpg,720,640,"[99, 394, 59.5, 31]"
269_jpg.rf.1a14640152004c8f94f79ac9657d64c6.jpg,720,640,"[130, 310, 51.5, 34.5]"
269_jpg.rf.1a14640152004c8f94f79ac9657d64c6.jpg,720,640,"[197, 291, 98.5, 45]"
269_jpg.rf.1a14640152004c8f94f79ac9657d64c6.jpg,720,640,"[423, 332, 100, 33]"
269_jpg.rf.1a14640152004c8f94f79ac9657d64c6.jpg,720,640,"[524, 298, 76, 45.5]"
269_jpg.rf.1a14640152004c8f94f79ac9657d64c6.jpg,720,640,"[636, 325, 63, 26]"
269_jpg.rf.1a14640152004c8f94f79ac9657d64c6.jpg,720,640,"[623, 367, 46.5, 24]"
269_jpg.rf.1a14640152004c8f94f79ac9657d64c6.jpg,720,640,"[571, 269, 75.5, 42.5]"
269_jpg.rf.1a14640152004c8f94f79ac9657d64c6.jpg,720,640,"[448, 260, 101.5, 41.5]"
269_jpg.rf.1a14640152004c8f94f79ac9657d64c6.jpg,720,640,"[272, 248, 75.5, 42]"
269_jpg.rf.1a14640152004c8f94f79ac9657d64c6.jpg,720,640,"[186, 208, 37.5, 19.5]"
269_jpg.rf.1a14640152004c8f94f79ac9657d64c6.jpg,720,640,"[357, 199, 67, 22]"
269_jpg.rf.1a14640152004c8f94f79ac9657d64c6.jpg,720,640,"[359, 251, 90, 62.5]"
269_jpg.rf.1a14640152004c8f94f79ac9657d64c6.jpg,720,640,"[59, 481, 63.5, 56]"
269_jpg.rf.1a14640152004c8f94f79ac9657d64c6.jpg,720,640,"[254, 198, 66, 20.5]"
269_jpg.rf.1a14640152004c8f94f79ac9657d64c6.jpg,720,640,"[237, 224, 41.5, 12.5]"
269_jpg.rf.1a14640152004c8f94f79ac9657d64c6.jpg,720,640,"[451, 175, 261.5, 65.5]"
290_jpg.rf.17ed9ae0ee6ce2ac1b36c5cbda11c3f5.jpg,720,640,"[99, 108, 480, 473]"
91_jpg.rf.19c6700ff9ae5907549a10bf9dd0de21.jpg,720,640,"[46, 385, 618.5, 254.5]"
91_jpg.rf.19c6700ff9ae5907549a10bf9dd0de21.jpg,720,640,"[0, 270, 115.5, 57]"
91_jpg.rf.19c6700ff9ae5907549a10bf9dd0de21.jpg,720,640,"[0, 202, 99, 67.5]"
74_jpg.rf.1a2046a6f141ba90d9b07bca6049d94d.jpg,720,640,"[44, 307, 208, 126]"
74_jpg.rf.1a2046a6f141ba90d9b07bca6049d94d.jpg,720,640,"[359, 200, 107.5, 54]"
74_jpg.rf.1a2046a6f141ba90d9b07bca6049d94d.jpg,720,640,"[562, 347, 94.5, 56]"
74_jpg.rf.1a2046a6f141ba90d9b07bca6049d94d.jpg,720,640,"[297, 459, 72.5, 50]"
74_jpg.rf.1a2046a6f141ba90d9b07bca6049d94d.jpg,720,640,"[248, 317, 54.5, 39.5]"
74_jpg.rf.1a2046a6f141ba90d9b07bca6049d94d.jpg,720,640,"[211, 220, 59, 39.5]"
74_jpg.rf.1a2046a6f141ba90d9b07bca6049d94d.jpg,720,640,"[242, 280, 47.5, 32.5]"
74_jpg.rf.1a2046a6f141ba90d9b07bca6049d94d.jpg,720,640,"[197, 154, 60.5, 55.5]"
75_jpg.rf.24f3f69b6e39ad1965e6ddb6b666d1f8.jpg,720,640,"[85, 346, 514.5, 210]"
266_jpg.rf.21d1fe1d90e85ed94c4afb58be25895d.jpg,720,640,"[47, 269, 390.5, 366.5]"
266_jpg.rf.21d1fe1d90e85ed94c4afb58be25895d.jpg,720,640,"[386, 7, 293.5, 258]"
89_jpg.rf.23bcd9f555be0752bf830b1c6f77f7e7.jpg,720,640,"[22, 394, 690, 184]"
106_jpg.rf.31e27bb8cdcd3589049f514919490c10.jpg,720,640,"[195, 421, 435, 219]"
171_jpg.rf.23229cb77de6622a8e10ec8a4edf4116.jpg,720,640,"[441, 473, 102, 131.5]"
171_jpg.rf.23229cb77de6622a8e10ec8a4edf4116.jpg,720,640,"[575, 531, 31, 40]"
171_jpg.rf.23229cb77de6622a8e10ec8a4edf4116.jpg,720,640,"[624, 530, 55, 82.5]"
171_jpg.rf.23229cb77de6622a8e10ec8a4edf4116.jpg,720,640,"[507, 395, 83.5, 66]"
171_jpg.rf.23229cb77de6622a8e10ec8a4edf4116.jpg,720,640,"[514, 279, 33, 63]"
171_jpg.rf.23229cb77de6622a8e10ec8a4edf4116.jpg,720,640,"[525, 357, 56.5, 34]"
2_jpg.rf.376df4d1f812c81f5194b5a1c0486182.jpg,720,640,"[83, 234, 121.5, 98]"
2_jpg.rf.376df4d1f812c81f5194b5a1c0486182.jpg,720,640,"[314, 291, 345, 226]"
267_jpg.rf.337da7ac12f736bad1f8cbd09097c160.jpg,720,640,"[259, 253, 234, 122]"
267_jpg.rf.337da7ac12f736bad1f8cbd09097c160.jpg,720,640,"[435, 154, 87, 78.5]"
267_jpg.rf.337da7ac12f736bad1f8cbd09097c160.jpg,720,640,"[177, 147, 91.5, 79]"
300_jpg.rf.242aab0666a23e6d508a29348dc1b9bf.jpg,720,640,"[296, 386, 181.5, 177]"
156_jpg.rf.36bdda96c355be04879faca5ff10ecdc.jpg,720,640,"[454, 276, 147, 65.5]"
156_jpg.rf.36bdda96c355be04879faca5ff10ecdc.jpg,720,640,"[455, 495, 224, 94.5]"
225_jpg.rf.344cd2f1c81c78d9c44729c8a0a9adfc.jpg,720,640,"[167, 200, 553, 440]"
81_jpg.rf.227b1c4e767e2b4596985fc74d88b7e5.jpg,720,640,"[37, 232, 626.5, 151.5]"
154_jpg.rf.36e51ebd96f63c299762eb11fec09e41.jpg,720,640,"[200, 233, 338.5, 197.5]"
107_jpg.rf.2fff418f2f55ffd7ef6558f3c5c0d7a1.jpg,720,640,"[140, 173, 413, 376]"
217_jpg.rf.3e58f4e2f15de06578f11c042e4d5199.jpg,720,640,"[55, 355, 574.5, 267.5]"
15_jpg.rf.4a4fbbe6f9e338f926df0e5ac590412c.jpg,720,640,"[164, 283, 316.5, 205.5]"
218_jpg.rf.3a3a57c5a9664b22be3784599a2b1b01.jpg,720,640,"[91, 304, 559, 295.5]"
102_jpg.rf.490857160071f7e34d49e1f07d419819.jpg,720,640,"[291, 325, 136.5, 116.5]"
102_jpg.rf.490857160071f7e34d49e1f07d419819.jpg,720,640,"[196, 423, 230.5, 168.5]"
102_jpg.rf.490857160071f7e34d49e1f07d419819.jpg,720,640,"[502, 214, 55.5, 27.5]"
150_jpg.rf.32358ac9a888711c959de1ae92e20bec.jpg,720,640,"[220, 316, 178, 138]"
40_jpg.rf.50e059b5ca5e939bbe6c5f30f8a547b7.jpg,720,640,"[68, 238, 402.5, 254]"
40_jpg.rf.50e059b5ca5e939bbe6c5f30f8a547b7.jpg,720,640,"[0, 447, 471.5, 193]"
40_jpg.rf.50e059b5ca5e939bbe6c5f30f8a547b7.jpg,720,640,"[525, 137, 147.5, 87.5]"
40_jpg.rf.50e059b5ca5e939bbe6c5f30f8a547b7.jpg,720,640,"[661, 199, 55.5, 93.5]"
40_jpg.rf.50e059b5ca5e939bbe6c5f30f8a547b7.jpg,720,640,"[175, 154, 204, 67]"
237_jpg.rf.383015447d4e7ed04eadb8ca6f749074.jpg,720,640,"[94, 313, 282, 291.5]"
72_jpg.rf.54da213c7e7e06d26fac6316fd40deae.jpg,720,640,"[248, 370, 226.5, 143]"
72_jpg.rf.54da213c7e7e06d26fac6316fd40deae.jpg,720,640,"[402, 300, 281.5, 87]"
72_jpg.rf.54da213c7e7e06d26fac6316fd40deae.jpg,720,640,"[512, 230, 202.5, 98.5]"
113_jpg.rf.3c5071d57065f4454cc7224142da76a6.jpg,720,640,"[257, 296, 287, 122.5]"
24_jpg.rf.52182c8ec109683c4fb376e455326149.jpg,720,640,"[232, 166, 149, 67]"
24_jpg.rf.52182c8ec109683c4fb376e455326149.jpg,720,640,"[509, 484, 186, 113.5]"
24_jpg.rf.52182c8ec109683c4fb376e455326149.jpg,720,640,"[256, 500, 102, 84.5]"
24_jpg.rf.52182c8ec109683c4fb376e455326149.jpg,720,640,"[5, 531, 207.5, 99]"
24_jpg.rf.52182c8ec109683c4fb376e455326149.jpg,720,640,"[204, 293, 170.5, 77]"
24_jpg.rf.52182c8ec109683c4fb376e455326149.jpg,720,640,"[401, 175, 97, 64]"
24_jpg.rf.52182c8ec109683c4fb376e455326149.jpg,720,640,"[572, 146, 127.5, 55]"
26_jpg.rf.4a4285404cefe271597f9f4fc5da50ce.jpg,720,640,"[93, 155, 609, 383.5]"
287_jpg.rf.3e6a7c311c5278e7e9fafa625420a080.jpg,720,640,"[295, 428, 271, 212]"
287_jpg.rf.3e6a7c311c5278e7e9fafa625420a080.jpg,720,640,"[364, 182, 160, 55]"
287_jpg.rf.3e6a7c311c5278e7e9fafa625420a080.jpg,720,640,"[241, 249, 479, 206]"
287_jpg.rf.3e6a7c311c5278e7e9fafa625420a080.jpg,720,640,"[26, 143, 168, 52.5]"
287_jpg.rf.3e6a7c311c5278e7e9fafa625420a080.jpg,720,640,"[10, 93, 182.5, 41.5]"
88_jpg.rf.548b512e68964920b5a5f50759adf4be.jpg,720,640,"[57, 269, 266, 206.5]"
37_jpg.rf.5176069dc58bdeb2959ca4cbefc4bef4.jpg,720,640,"[277, 265, 406.5, 307.5]"
9_jpg.rf.52fff34a1c4f1ef27e548664b6639f22.jpg,720,640,"[227, 276, 202.5, 242.5]"
224_jpg.rf.56b128026ff75c370b670c947921d998.jpg,720,640,"[240, 327, 340.5, 83]"
137_jpg.rf.57f506002559ab824658af07d0530de4.jpg,720,640,"[142, 396, 127.5, 161]"
137_jpg.rf.57f506002559ab824658af07d0530de4.jpg,720,640,"[384, 230, 236.5, 134]"
137_jpg.rf.57f506002559ab824658af07d0530de4.jpg,720,640,"[257, 157, 59, 36.5]"
137_jpg.rf.57f506002559ab824658af07d0530de4.jpg,720,640,"[187, 204, 126.5, 134.5]"
18_jpg.rf.576e6535909d12fd48cc940912cf2b0c.jpg,720,640,"[78, 347, 139, 153]"
18_jpg.rf.576e6535909d12fd48cc940912cf2b0c.jpg,720,640,"[108, 229, 71, 42]"
18_jpg.rf.576e6535909d12fd48cc940912cf2b0c.jpg,720,640,"[271, 215, 36, 28.5]"
18_jpg.rf.576e6535909d12fd48cc940912cf2b0c.jpg,720,640,"[342, 220, 52, 29.5]"
18_jpg.rf.576e6535909d12fd48cc940912cf2b0c.jpg,720,640,"[318, 312, 164.5, 113.5]"
18_jpg.rf.576e6535909d12fd48cc940912cf2b0c.jpg,720,640,"[642, 271, 78, 57]"
18_jpg.rf.576e6535909d12fd48cc940912cf2b0c.jpg,720,640,"[569, 224, 55.5, 67.5]"
165_jpg.rf.4fb3c27722b393596127bfc92018f7f6.jpg,720,640,"[310, 75, 123.5, 70.5]"
165_jpg.rf.4fb3c27722b393596127bfc92018f7f6.jpg,720,640,"[133, 69, 137, 49]"
165_jpg.rf.4fb3c27722b393596127bfc92018f7f6.jpg,720,640,"[216, 313, 237, 121.5]"
165_jpg.rf.4fb3c27722b393596127bfc92018f7f6.jpg,720,640,"[152, 469, 257.5, 166.5]"
194_jpg.rf.49b97787788b0f69e29947ad90f3ae46.jpg,720,640,"[224, 200, 250.5, 182.5]"
255_jpg.rf.55f5d8b77b6cb1280b04fe2564aaad28.jpg,720,640,"[184, 306, 385, 221.5]"
61_jpg.rf.564c62504ebf8742e003ed563c018f81.jpg,720,640,"[165, 158, 413, 369]"
19_jpg.rf.553a90579045e421bcef7d12733c10bd.jpg,720,640,"[375, 371, 161, 104.5]"
19_jpg.rf.553a90579045e421bcef7d12733c10bd.jpg,720,640,"[293, 193, 194.5, 61]"
19_jpg.rf.553a90579045e421bcef7d12733c10bd.jpg,720,640,"[391, 256, 97.5, 34]"
19_jpg.rf.553a90579045e421bcef7d12733c10bd.jpg,720,640,"[463, 151, 150, 52.5]"
19_jpg.rf.553a90579045e421bcef7d12733c10bd.jpg,720,640,"[182, 388, 182.5, 166.5]"
179_jpg.rf.4a6e6ce8356ff16c637d898e5920974e.jpg,720,640,"[175, 447, 271.5, 193]"
179_jpg.rf.4a6e6ce8356ff16c637d898e5920974e.jpg,720,640,"[286, 313, 137.5, 59]"
179_jpg.rf.4a6e6ce8356ff16c637d898e5920974e.jpg,720,640,"[299, 259, 85.5, 29.5]"
92_jpg.rf.5bf35edf3bfc90560c8768a6645130c4.jpg,720,640,"[197, 277, 522.5, 209.5]"
5_jpg.rf.5504b276aa47370435c94c10c56fb946.jpg,720,640,"[180, 107, 473, 428.5]"
4_jpg.rf.5b8c0e6128dee2f9ce61ff80a1f4d3e1.jpg,720,640,"[230, 210, 280.5, 325.5]"
25_jpg.rf.5d2273195be70effadbe80ff2c91b117.jpg,720,640,"[339, 374, 122, 65]"
252_jpg.rf.5b95b4b8158c83b9f8c8a93db092af1d.jpg,720,640,"[94, 327, 277, 78]"
252_jpg.rf.5b95b4b8158c83b9f8c8a93db092af1d.jpg,720,640,"[67, 479, 415, 103.5]"
252_jpg.rf.5b95b4b8158c83b9f8c8a93db092af1d.jpg,720,640,"[386, 377, 226, 100.5]"
264_jpg.rf.5d3650c67336f26514bbc3b6fd0bd739.jpg,720,640,"[205, 237, 255, 156.5]"
52_jpg.rf.68efea30fd31d8f7fdfa37439d9ac197.jpg,720,640,"[200, 328, 280, 266.5]"
52_jpg.rf.68efea30fd31d8f7fdfa37439d9ac197.jpg,720,640,"[319, 264, 139.5, 99.5]"
52_jpg.rf.68efea30fd31d8f7fdfa37439d9ac197.jpg,720,640,"[269, 302, 76, 83]"
52_jpg.rf.68efea30fd31d8f7fdfa37439d9ac197.jpg,720,640,"[191, 307, 49, 38]"
52_jpg.rf.68efea30fd31d8f7fdfa37439d9ac197.jpg,720,640,"[191, 246, 58.5, 51]"
52_jpg.rf.68efea30fd31d8f7fdfa37439d9ac197.jpg,720,640,"[101, 293, 69, 39]"
97_jpg.rf.7046f7533b0779246afc9532983923ca.jpg,720,640,"[98, 135, 559.5, 339]"
298_jpg.rf.621451df20bdb2ddb9fbc3743febd891.jpg,720,640,"[133, 264, 427.5, 262]"
174_jpg.rf.6e869bb173da1d94aa4b271d26d2f830.jpg,720,640,"[267, 266, 332.5, 195]"
125_jpg.rf.73b3b1884a1b8fbc535fb6abfe467845.jpg,720,640,"[241, 290, 185.5, 173]"
125_jpg.rf.73b3b1884a1b8fbc535fb6abfe467845.jpg,720,640,"[316, 197, 62, 26.5]"
321_jpg.rf.78e831c3d1a1a2d8912d73f001a98348.jpg,720,640,"[84, 160, 548, 283.5]"
2_jpg.rf.781a0372cb4474d62029f5711585b3d1.jpg,720,640,"[77, 241, 133, 103]"
2_jpg.rf.781a0372cb4474d62029f5711585b3d1.jpg,720,640,"[333, 305, 300, 193]"
2_jpg.rf.781a0372cb4474d62029f5711585b3d1.jpg,720,640,"[585, 75, 60, 32]"
320_jpg.rf.5eb0d61dbf20c1e281832ead95e39ae8.jpg,720,640,"[90, 431, 595.5, 209]"
41_jpg.rf.66e16ba4e8c3725ba21ce04d4e054e9a.jpg,720,640,"[319, 72, 382, 378.5]"
17_jpg.rf.6a17593106156941d6e16c339efbdb81.jpg,720,640,"[486, 288, 63, 31]"
17_jpg.rf.6a17593106156941d6e16c339efbdb81.jpg,720,640,"[139, 434, 71.5, 44]"
17_jpg.rf.6a17593106156941d6e16c339efbdb81.jpg,720,640,"[473, 358, 85.5, 56.5]"
17_jpg.rf.6a17593106156941d6e16c339efbdb81.jpg,720,640,"[309, 319, 153, 72.5]"
17_jpg.rf.6a17593106156941d6e16c339efbdb81.jpg,720,640,"[255, 320, 50.5, 43.5]"
17_jpg.rf.6a17593106156941d6e16c339efbdb81.jpg,720,640,"[371, 266, 82, 40.5]"
17_jpg.rf.6a17593106156941d6e16c339efbdb81.jpg,720,640,"[110, 253, 215, 66]"
17_jpg.rf.6a17593106156941d6e16c339efbdb81.jpg,720,640,"[352, 233, 36, 26.5]"
17_jpg.rf.6a17593106156941d6e16c339efbdb81.jpg,720,640,"[393, 213, 60, 50]"
17_jpg.rf.6a17593106156941d6e16c339efbdb81.jpg,720,640,"[420, 178, 51, 34]"
17_jpg.rf.6a17593106156941d6e16c339efbdb81.jpg,720,640,"[336, 73, 315.5, 94.5]"
202_jpg.rf.652ee4016c7801c874768f3b69a574fe.jpg,720,640,"[208, 240, 327, 328.5]"
86_jpg.rf.61f046d3c6f2d15d346108934435faaa.jpg,720,640,"[358, 383, 134.5, 52.5]"
86_jpg.rf.61f046d3c6f2d15d346108934435faaa.jpg,720,640,"[477, 329, 107.5, 49]"
86_jpg.rf.61f046d3c6f2d15d346108934435faaa.jpg,720,640,"[341, 306, 58, 20.5]"
86_jpg.rf.61f046d3c6f2d15d346108934435faaa.jpg,720,640,"[293, 300, 68, 18]"
86_jpg.rf.61f046d3c6f2d15d346108934435faaa.jpg,720,640,"[242, 323, 111, 44.5]"
86_jpg.rf.61f046d3c6f2d15d346108934435faaa.jpg,720,640,"[338, 270, 68, 32]"
22_jpg.rf.78b29aeb8577dc5fda7126cf3abfd63f.jpg,720,640,"[229, 295, 171, 63]"
22_jpg.rf.78b29aeb8577dc5fda7126cf3abfd63f.jpg,720,640,"[247, 354, 405.5, 205]"
22_jpg.rf.78b29aeb8577dc5fda7126cf3abfd63f.jpg,720,640,"[553, 204, 121.5, 58.5]"
32_jpg.rf.6d322d18c33dae25f1a3cc3b911cc5a7.jpg,720,640,"[145, 430, 186, 175]"
32_jpg.rf.6d322d18c33dae25f1a3cc3b911cc5a7.jpg,720,640,"[332, 173, 111.5, 76.5]"
32_jpg.rf.6d322d18c33dae25f1a3cc3b911cc5a7.jpg,720,640,"[463, 91, 62.5, 50]"
32_jpg.rf.6d322d18c33dae25f1a3cc3b911cc5a7.jpg,720,640,"[528, 180, 113, 107]"
293_jpg.rf.6e4abd7ac92f7c39a211341303e2855b.jpg,720,640,"[62, 282, 520.5, 323]"
293_jpg.rf.6e4abd7ac92f7c39a211341303e2855b.jpg,720,640,"[169, 60, 325.5, 88]"
83_jpg.rf.72d9eff6128f35975b4bea94728dbb4a.jpg,720,640,"[0, 49, 712, 537]"
6_jpg.rf.6572ddacbed40ac885852028e352e623.jpg,720,640,"[493, 390, 168, 105]"
6_jpg.rf.6572ddacbed40ac885852028e352e623.jpg,720,640,"[159, 213, 380, 241]"
101_jpg.rf.6e20ff60b6eb4e5221ee0a04e489a643.jpg,720,640,"[0, 105, 719, 479.5]"
163_jpg.rf.6b4c90e743372a1037a23fb9ffb03204.jpg,720,640,"[274, 382, 214, 119.5]"
163_jpg.rf.6b4c90e743372a1037a23fb9ffb03204.jpg,720,640,"[569, 337, 43.5, 43.5]"
273_jpg.rf.7d2fafa85e5d277614bc050d73043fda.jpg,720,640,"[270, 412, 128, 58.5]"
273_jpg.rf.7d2fafa85e5d277614bc050d73043fda.jpg,720,640,"[75, 469, 244.5, 159]"
273_jpg.rf.7d2fafa85e5d277614bc050d73043fda.jpg,720,640,"[415, 352, 90, 73.5]"
273_jpg.rf.7d2fafa85e5d277614bc050d73043fda.jpg,720,640,"[0, 134, 688, 219]"
272_jpg.rf.5eef637d974223ab16a404e935d8bb8a.jpg,720,640,"[70, 332, 299, 54.5]"
272_jpg.rf.5eef637d974223ab16a404e935d8bb8a.jpg,720,640,"[334, 231, 131, 91]"
272_jpg.rf.5eef637d974223ab16a404e935d8bb8a.jpg,720,640,"[418, 338, 163, 131.5]"
272_jpg.rf.5eef637d974223ab16a404e935d8bb8a.jpg,720,640,"[469, 217, 101.5, 70]"
214_jpg.rf.677a6b88ea05b332494ec7f369e2d183.jpg,720,640,"[313, 409, 245, 173]"
214_jpg.rf.677a6b88ea05b332494ec7f369e2d183.jpg,720,640,"[248, 297, 228.5, 98.5]"
214_jpg.rf.677a6b88ea05b332494ec7f369e2d183.jpg,720,640,"[189, 173, 108, 79.5]"
19_jpg.rf.7dccadf346ffbeb7e0c4b889ff157678.jpg,720,640,"[180, 416, 179, 140.5]"
19_jpg.rf.7dccadf346ffbeb7e0c4b889ff157678.jpg,720,640,"[377, 372, 163.5, 101.5]"
19_jpg.rf.7dccadf346ffbeb7e0c4b889ff157678.jpg,720,640,"[400, 263, 68.5, 29]"
19_jpg.rf.7dccadf346ffbeb7e0c4b889ff157678.jpg,720,640,"[281, 172, 237.5, 85]"
45_jpg.rf.70d8d0c32adc09a77aaf47524687fe6c.jpg,720,640,"[145, 367, 261.5, 95.5]"
45_jpg.rf.70d8d0c32adc09a77aaf47524687fe6c.jpg,720,640,"[25, 283, 130.5, 71]"
45_jpg.rf.70d8d0c32adc09a77aaf47524687fe6c.jpg,720,640,"[181, 231, 159, 67.5]"
45_jpg.rf.70d8d0c32adc09a77aaf47524687fe6c.jpg,720,640,"[293, 308, 93, 46.5]"
45_jpg.rf.70d8d0c32adc09a77aaf47524687fe6c.jpg,720,640,"[24, 200, 122, 63]"
87_jpg.rf.654858714f6749c5b38b9d924d36dc5e.jpg,720,640,"[42, 61, 643, 380.5]"
146_jpg.rf.828a7dc64c01efaa7c2c9ebe5bf983a4.jpg,720,640,"[342, 285, 290.5, 182.5]"
36_jpg.rf.7e16ca518496a63fc56f89f113dd0f97.jpg,720,640,"[233, 384, 115.5, 81.5]"
36_jpg.rf.7e16ca518496a63fc56f89f113dd0f97.jpg,720,640,"[326, 345, 65.5, 45.5]"
36_jpg.rf.7e16ca518496a63fc56f89f113dd0f97.jpg,720,640,"[418, 391, 143.5, 79]"
36_jpg.rf.7e16ca518496a63fc56f89f113dd0f97.jpg,720,640,"[443, 477, 135.5, 140.5]"
36_jpg.rf.7e16ca518496a63fc56f89f113dd0f97.jpg,720,640,"[427, 218, 45, 34.5]"
36_jpg.rf.7e16ca518496a63fc56f89f113dd0f97.jpg,720,640,"[429, 324, 33.5, 39.5]"
36_jpg.rf.7e16ca518496a63fc56f89f113dd0f97.jpg,720,640,"[247, 264, 38, 42]"
36_jpg.rf.7e16ca518496a63fc56f89f113dd0f97.jpg,720,640,"[3, 275, 82, 42]"
36_jpg.rf.7e16ca518496a63fc56f89f113dd0f97.jpg,720,640,"[365, 183, 34.5, 27]"
36_jpg.rf.7e16ca518496a63fc56f89f113dd0f97.jpg,720,640,"[450, 185, 65.5, 35.5]"
36_jpg.rf.7e16ca518496a63fc56f89f113dd0f97.jpg,720,640,"[403, 139, 37.5, 32]"
36_jpg.rf.7e16ca518496a63fc56f89f113dd0f97.jpg,720,640,"[285, 173, 18.5, 15]"
36_jpg.rf.7e16ca518496a63fc56f89f113dd0f97.jpg,720,640,"[499, 254, 220.5, 133]"
40_jpg.rf.80a64b87bc6cf97767fdfb518ba96b3a.jpg,720,640,"[103, 271, 346, 208]"
40_jpg.rf.80a64b87bc6cf97767fdfb518ba96b3a.jpg,720,640,"[177, 175, 208, 85.5]"
36_jpg.rf.8a4d355d71bf3bc482634aff504dadea.jpg,720,640,"[225, 382, 121.5, 96]"
36_jpg.rf.8a4d355d71bf3bc482634aff504dadea.jpg,720,640,"[435, 470, 121, 155.5]"
36_jpg.rf.8a4d355d71bf3bc482634aff504dadea.jpg,720,640,"[415, 391, 143.5, 73.5]"
36_jpg.rf.8a4d355d71bf3bc482634aff504dadea.jpg,720,640,"[313, 349, 82.5, 36.5]"
36_jpg.rf.8a4d355d71bf3bc482634aff504dadea.jpg,720,640,"[425, 323, 48.5, 41]"
36_jpg.rf.8a4d355d71bf3bc482634aff504dadea.jpg,720,640,"[508, 254, 93, 130.5]"
36_jpg.rf.8a4d355d71bf3bc482634aff504dadea.jpg,720,640,"[245, 266, 41, 31.5]"
36_jpg.rf.8a4d355d71bf3bc482634aff504dadea.jpg,720,640,"[3, 268, 80, 51.5]"
36_jpg.rf.8a4d355d71bf3bc482634aff504dadea.jpg,720,640,"[439, 180, 84, 39]"
36_jpg.rf.8a4d355d71bf3bc482634aff504dadea.jpg,720,640,"[426, 216, 41.5, 31.5]"
36_jpg.rf.8a4d355d71bf3bc482634aff504dadea.jpg,720,640,"[358, 187, 47, 21]"
36_jpg.rf.8a4d355d71bf3bc482634aff504dadea.jpg,720,640,"[403, 142, 43.5, 27]"
229_jpg.rf.860a1d20f6a3497dd10d51f1742687fa.jpg,720,640,"[24, 98, 206.5, 81]"
229_jpg.rf.860a1d20f6a3497dd10d51f1742687fa.jpg,720,640,"[8, 248, 254, 76]"
229_jpg.rf.860a1d20f6a3497dd10d51f1742687fa.jpg,720,640,"[5, 379, 449.5, 234.5]"
229_jpg.rf.860a1d20f6a3497dd10d51f1742687fa.jpg,720,640,"[427, 309, 293, 112]"
229_jpg.rf.860a1d20f6a3497dd10d51f1742687fa.jpg,720,640,"[2, 205, 88, 40]"
295_jpg.rf.5cecb11e20fd21ff71ea9e26b3f5ca90.jpg,720,640,"[62, 290, 552.5, 263.5]"
35_jpg.rf.7e32bdb731a2839330a265047996e04a.jpg,720,640,"[148, 412, 486, 205.5]"
35_jpg.rf.7e32bdb731a2839330a265047996e04a.jpg,720,640,"[204, 306, 298.5, 99]"
35_jpg.rf.7e32bdb731a2839330a265047996e04a.jpg,720,640,"[138, 225, 217, 59.5]"
35_jpg.rf.7e32bdb731a2839330a265047996e04a.jpg,720,640,"[285, 159, 87, 38]"
35_jpg.rf.7e32bdb731a2839330a265047996e04a.jpg,720,640,"[277, 126, 76, 18]"
35_jpg.rf.7e32bdb731a2839330a265047996e04a.jpg,720,640,"[366, 118, 64, 31.5]"
69_jpg.rf.84048576737c4fbc12fd3dd6bdd8d5b8.jpg,720,640,"[98, 218, 365, 401]"
69_jpg.rf.84048576737c4fbc12fd3dd6bdd8d5b8.jpg,720,640,"[388, 17, 242.5, 173.5]"
145_jpg.rf.866668f33a272a97d68f00e2fae8cf52.jpg,720,640,"[8, 305, 192, 99.5]"
145_jpg.rf.866668f33a272a97d68f00e2fae8cf52.jpg,720,640,"[243, 311, 169, 93]"
145_jpg.rf.866668f33a272a97d68f00e2fae8cf52.jpg,720,640,"[359, 242, 69, 49.5]"
145_jpg.rf.866668f33a272a97d68f00e2fae8cf52.jpg,720,640,"[461, 214, 90, 68.5]"
67_jpg.rf.838860ae9994b51204d4ed8b7b1307cd.jpg,720,640,"[32, 325, 245.5, 130]"
67_jpg.rf.838860ae9994b51204d4ed8b7b1307cd.jpg,720,640,"[406, 133, 160.5, 95]"
51_jpg.rf.8de7c8f2254386c35a7bd06a93a4b2d5.jpg,720,640,"[0, 430, 194, 81.5]"
51_jpg.rf.8de7c8f2254386c35a7bd06a93a4b2d5.jpg,720,640,"[149, 469, 274, 123]"
51_jpg.rf.8de7c8f2254386c35a7bd06a93a4b2d5.jpg,720,640,"[192, 387, 165.5, 74.5]"
51_jpg.rf.8de7c8f2254386c35a7bd06a93a4b2d5.jpg,720,640,"[264, 318, 109.5, 29.5]"
51_jpg.rf.8de7c8f2254386c35a7bd06a93a4b2d5.jpg,720,640,"[370, 256, 147.5, 83]"
51_jpg.rf.8de7c8f2254386c35a7bd06a93a4b2d5.jpg,720,640,"[317, 355, 118.5, 46.5]"
51_jpg.rf.8de7c8f2254386c35a7bd06a93a4b2d5.jpg,720,640,"[482, 250, 99, 18]"
213_jpg.rf.8a66cdbdb13f595f25b2a7b8910ad99f.jpg,720,640,"[208, 346, 345, 277.5]"
93_jpg.rf.8564776944200ce5b3d6e78bb86aed26.jpg,720,640,"[174, 336, 153.5, 132]"
93_jpg.rf.8564776944200ce5b3d6e78bb86aed26.jpg,720,640,"[445, 355, 202.5, 170]"
235_jpg.rf.91d2f98efc766cdb2135e95bfadf71b3.jpg,720,640,"[220, 346, 304.5, 256.5]"
235_jpg.rf.91d2f98efc766cdb2135e95bfadf71b3.jpg,720,640,"[561, 428, 109, 70]"
71_jpg.rf.907a515fac5d8c10792d575660fece6e.jpg,720,640,"[42, 47, 593.5, 449.5]"
82_jpg.rf.89f689a150e34201c60f4e74cfb0fcfc.jpg,720,640,"[0, 380, 447, 167]"
82_jpg.rf.89f689a150e34201c60f4e74cfb0fcfc.jpg,720,640,"[322, 271, 398, 97]"
328_jpg.rf.8666a2dd7230176752f9be35053859f3.jpg,720,640,"[44, 164, 239.5, 157]"
328_jpg.rf.8666a2dd7230176752f9be35053859f3.jpg,720,640,"[207, 360, 366.5, 206]"
328_jpg.rf.8666a2dd7230176752f9be35053859f3.jpg,720,640,"[496, 22, 134.5, 72]"
328_jpg.rf.8666a2dd7230176752f9be35053859f3.jpg,720,640,"[658, 30, 62, 51]"
328_jpg.rf.8666a2dd7230176752f9be35053859f3.jpg,720,640,"[410, 1, 67.5, 24.5]"
75_jpg.rf.92a34ebf9f701aa00d516b11f3ee00e4.jpg,720,640,"[158, 334, 443.5, 226.5]"
245_jpg.rf.8eeaab71909ef7b67b9e2960391a8b17.jpg,720,640,"[315, 428, 119, 97]"
41_jpg.rf.93d98b67f8932d9eef13a2299244abeb.jpg,720,640,"[331, 81, 370.5, 368.5]"
122_jpg.rf.8c007550007dcfa4651ba797ba1f4371.jpg,720,640,"[272, 127, 423, 472]"
84_jpg.rf.92bb5f1b0495a8c06618ec25d845d2bc.jpg,720,640,"[270, 307, 255.5, 120.5]"
43_jpg.rf.96ccb1b029c65ee00a1e30cafc15cf54.jpg,720,640,"[236, 277, 250, 363]"
38_jpg.rf.940cc08cf6b700de54760e08f81dea95.jpg,720,640,"[76, 297, 123, 50.5]"
38_jpg.rf.940cc08cf6b700de54760e08f81dea95.jpg,720,640,"[279, 353, 212.5, 54.5]"
38_jpg.rf.940cc08cf6b700de54760e08f81dea95.jpg,720,640,"[42, 367, 255.5, 203]"
50_jpg.rf.8e834473c3c53055e8e7eec6ca4ef402.jpg,720,640,"[272, 301, 125, 56]"
50_jpg.rf.8e834473c3c53055e8e7eec6ca4ef402.jpg,720,640,"[112, 388, 83, 59]"
50_jpg.rf.8e834473c3c53055e8e7eec6ca4ef402.jpg,720,640,"[458, 399, 132, 65]"
50_jpg.rf.8e834473c3c53055e8e7eec6ca4ef402.jpg,720,640,"[467, 297, 80, 50.5]"
50_jpg.rf.8e834473c3c53055e8e7eec6ca4ef402.jpg,720,640,"[335, 244, 89, 58.5]"
50_jpg.rf.8e834473c3c53055e8e7eec6ca4ef402.jpg,720,640,"[35, 221, 71.5, 40]"
50_jpg.rf.8e834473c3c53055e8e7eec6ca4ef402.jpg,720,640,"[196, 189, 67.5, 34.5]"
50_jpg.rf.8e834473c3c53055e8e7eec6ca4ef402.jpg,720,640,"[84, 165, 53, 27.5]"
50_jpg.rf.8e834473c3c53055e8e7eec6ca4ef402.jpg,720,640,"[215, 127, 50.5, 23]"
50_jpg.rf.8e834473c3c53055e8e7eec6ca4ef402.jpg,720,640,"[292, 149, 43, 25]"
50_jpg.rf.8e834473c3c53055e8e7eec6ca4ef402.jpg,720,640,"[40, 147, 43, 34]"
197_jpg.rf.9771aee5b9a4578f3ee9c3eafed3c9c2.jpg,720,640,"[96, 310, 347, 275.5]"
197_jpg.rf.9771aee5b9a4578f3ee9c3eafed3c9c2.jpg,720,640,"[429, 200, 264, 207.5]"
197_jpg.rf.9771aee5b9a4578f3ee9c3eafed3c9c2.jpg,720,640,"[194, 78, 236, 146]"
197_jpg.rf.9771aee5b9a4578f3ee9c3eafed3c9c2.jpg,720,640,"[289, 3, 96, 70]"
24_jpg.rf.91deda8da8abb3edd7a7f61caca3ff35.jpg,720,640,"[229, 293, 148.5, 69.5]"
24_jpg.rf.91deda8da8abb3edd7a7f61caca3ff35.jpg,720,640,"[243, 185, 140.5, 57.5]"
24_jpg.rf.91deda8da8abb3edd7a7f61caca3ff35.jpg,720,640,"[392, 180, 113.5, 57.5]"
24_jpg.rf.91deda8da8abb3edd7a7f61caca3ff35.jpg,720,640,"[590, 149, 107, 50.5]"
24_jpg.rf.91deda8da8abb3edd7a7f61caca3ff35.jpg,720,640,"[267, 520, 86.5, 56]"
24_jpg.rf.91deda8da8abb3edd7a7f61caca3ff35.jpg,720,640,"[9, 556, 209, 84]"
24_jpg.rf.91deda8da8abb3edd7a7f61caca3ff35.jpg,720,640,"[515, 516, 172.5, 73.5]"
24_jpg.rf.91deda8da8abb3edd7a7f61caca3ff35.jpg,720,640,"[399, 585, 120, 53.5]"
53_jpg.rf.8c8dd6740b74f85694c87ef7502ccb25.jpg,720,640,"[437, 390, 224.5, 98]"
53_jpg.rf.8c8dd6740b74f85694c87ef7502ccb25.jpg,720,640,"[488, 297, 189.5, 62.5]"
53_jpg.rf.8c8dd6740b74f85694c87ef7502ccb25.jpg,720,640,"[377, 317, 106.5, 46]"
53_jpg.rf.8c8dd6740b74f85694c87ef7502ccb25.jpg,720,640,"[423, 264, 131.5, 25.5]"
53_jpg.rf.8c8dd6740b74f85694c87ef7502ccb25.jpg,720,640,"[270, 259, 77, 25.5]"
53_jpg.rf.8c8dd6740b74f85694c87ef7502ccb25.jpg,720,640,"[149, 224, 51, 22.5]"
53_jpg.rf.8c8dd6740b74f85694c87ef7502ccb25.jpg,720,640,"[279, 230, 65.5, 24.5]"
53_jpg.rf.8c8dd6740b74f85694c87ef7502ccb25.jpg,720,640,"[402, 288, 74, 20.5]"
53_jpg.rf.8c8dd6740b74f85694c87ef7502ccb25.jpg,720,640,"[360, 221, 29.5, 34]"
57_jpg.rf.912a01dcda8d11e587185b7800a5a106.jpg,720,640,"[225, 255, 132.5, 60.5]"
57_jpg.rf.912a01dcda8d11e587185b7800a5a106.jpg,720,640,"[383, 234, 128, 93]"
57_jpg.rf.912a01dcda8d11e587185b7800a5a106.jpg,720,640,"[0, 253, 51, 55]"
51_jpg.rf.998cb80e209e0aac0cf476903ae24184.jpg,720,640,"[0, 384, 433, 225]"
51_jpg.rf.998cb80e209e0aac0cf476903ae24184.jpg,720,640,"[268, 310, 99, 45.5]"
51_jpg.rf.998cb80e209e0aac0cf476903ae24184.jpg,720,640,"[311, 342, 126, 69.5]"
51_jpg.rf.998cb80e209e0aac0cf476903ae24184.jpg,720,640,"[449, 311, 71, 45.5]"
51_jpg.rf.998cb80e209e0aac0cf476903ae24184.jpg,720,640,"[477, 229, 102, 45.5]"
51_jpg.rf.998cb80e209e0aac0cf476903ae24184.jpg,720,640,"[427, 246, 94.5, 60.5]"
51_jpg.rf.998cb80e209e0aac0cf476903ae24184.jpg,720,640,"[554, 278, 48, 24]"
51_jpg.rf.998cb80e209e0aac0cf476903ae24184.jpg,720,640,"[391, 222, 87, 33]"
51_jpg.rf.998cb80e209e0aac0cf476903ae24184.jpg,720,640,"[378, 274, 52.5, 27.5]"
62_jpg.rf.960c931e53543cd4a5ecbd2c99ca1c6c.jpg,720,640,"[112, 267, 166, 90.5]"
62_jpg.rf.960c931e53543cd4a5ecbd2c99ca1c6c.jpg,720,640,"[301, 340, 175, 109.5]"
62_jpg.rf.960c931e53543cd4a5ecbd2c99ca1c6c.jpg,720,640,"[214, 461, 114, 135]"
62_jpg.rf.960c931e53543cd4a5ecbd2c99ca1c6c.jpg,720,640,"[26, 174, 69.5, 43.5]"
62_jpg.rf.960c931e53543cd4a5ecbd2c99ca1c6c.jpg,720,640,"[105, 196, 61, 39.5]"
62_jpg.rf.960c931e53543cd4a5ecbd2c99ca1c6c.jpg,720,640,"[195, 207, 38, 29.5]"
62_jpg.rf.960c931e53543cd4a5ecbd2c99ca1c6c.jpg,720,640,"[279, 252, 68, 57.5]"
62_jpg.rf.960c931e53543cd4a5ecbd2c99ca1c6c.jpg,720,640,"[157, 149, 59.5, 39.5]"
62_jpg.rf.960c931e53543cd4a5ecbd2c99ca1c6c.jpg,720,640,"[219, 149, 107.5, 44.5]"
62_jpg.rf.960c931e53543cd4a5ecbd2c99ca1c6c.jpg,720,640,"[528, 196, 65.5, 48.5]"
62_jpg.rf.960c931e53543cd4a5ecbd2c99ca1c6c.jpg,720,640,"[152, 116, 41.5, 33]"
62_jpg.rf.960c931e53543cd4a5ecbd2c99ca1c6c.jpg,720,640,"[206, 112, 32, 30.5]"
62_jpg.rf.960c931e53543cd4a5ecbd2c99ca1c6c.jpg,720,640,"[498, 134, 50, 30.5]"
62_jpg.rf.960c931e53543cd4a5ecbd2c99ca1c6c.jpg,720,640,"[529, 83, 64, 26.5]"
62_jpg.rf.960c931e53543cd4a5ecbd2c99ca1c6c.jpg,720,640,"[572, 157, 39, 37]"
62_jpg.rf.960c931e53543cd4a5ecbd2c99ca1c6c.jpg,720,640,"[243, 63, 45.5, 28]"
62_jpg.rf.960c931e53543cd4a5ecbd2c99ca1c6c.jpg,720,640,"[122, 31, 95, 28]"
11_jpg.rf.9ba50d8f61eda8320e3bb1bb121642da.jpg,720,640,"[334, 408, 174.5, 137.5]"
85_jpg.rf.9b51246f7f73456060322290ecac1f7a.jpg,720,640,"[299, 402, 420.5, 237.5]"
85_jpg.rf.9b51246f7f73456060322290ecac1f7a.jpg,720,640,"[55, 337, 178, 213.5]"
85_jpg.rf.9b51246f7f73456060322290ecac1f7a.jpg,720,640,"[183, 254, 220, 131.5]"
85_jpg.rf.9b51246f7f73456060322290ecac1f7a.jpg,720,640,"[98, 218, 105, 68.5]"
85_jpg.rf.9b51246f7f73456060322290ecac1f7a.jpg,720,640,"[105, 146, 121.5, 74.5]"
85_jpg.rf.9b51246f7f73456060322290ecac1f7a.jpg,720,640,"[46, 55, 143, 85.5]"
85_jpg.rf.9b51246f7f73456060322290ecac1f7a.jpg,720,640,"[289, 106, 158.5, 118]"
85_jpg.rf.9b51246f7f73456060322290ecac1f7a.jpg,720,640,"[186, 17, 67, 65]"
97_jpg.rf.9c9ebf1e45d749b660a71a97b683b473.jpg,720,640,"[52, 176, 591, 286.5]"
66_jpg.rf.a4f95c42c4565c2ee74fd08bf114ef5e.jpg,720,640,"[143, 256, 516, 350]"
281_jpg.rf.ae6e206b0a90a33f28c9cf8b1fd12b01.jpg,720,640,"[389, 348, 106, 167]"
281_jpg.rf.ae6e206b0a90a33f28c9cf8b1fd12b01.jpg,720,640,"[506, 370, 50.5, 73]"
281_jpg.rf.ae6e206b0a90a33f28c9cf8b1fd12b01.jpg,720,640,"[278, 251, 41, 59]"
281_jpg.rf.ae6e206b0a90a33f28c9cf8b1fd12b01.jpg,720,640,"[347, 230, 49.5, 74]"
281_jpg.rf.ae6e206b0a90a33f28c9cf8b1fd12b01.jpg,720,640,"[405, 190, 52, 28]"
281_jpg.rf.ae6e206b0a90a33f28c9cf8b1fd12b01.jpg,720,640,"[398, 285, 81.5, 52]"
216_jpg.rf.9f2e0f3f0f61f8e3c5c16f030878ce86.jpg,720,640,"[361, 326, 280.5, 293]"
8_jpg.rf.9d77d48fdf6726372586e57552f90fc8.jpg,720,640,"[337, 518, 81.5, 60]"
8_jpg.rf.9d77d48fdf6726372586e57552f90fc8.jpg,720,640,"[257, 432, 134, 66]"
8_jpg.rf.9d77d48fdf6726372586e57552f90fc8.jpg,720,640,"[460, 493, 93, 119.5]"
8_jpg.rf.9d77d48fdf6726372586e57552f90fc8.jpg,720,640,"[409, 344, 72.5, 57]"
8_jpg.rf.9d77d48fdf6726372586e57552f90fc8.jpg,720,640,"[248, 301, 37.5, 32.5]"
8_jpg.rf.9d77d48fdf6726372586e57552f90fc8.jpg,720,640,"[336, 242, 70, 44.5]"
8_jpg.rf.9d77d48fdf6726372586e57552f90fc8.jpg,720,640,"[273, 202, 75.5, 52.5]"
8_jpg.rf.9d77d48fdf6726372586e57552f90fc8.jpg,720,640,"[78, 278, 44, 31]"
8_jpg.rf.9d77d48fdf6726372586e57552f90fc8.jpg,720,640,"[157, 201, 61.5, 35.5]"
39_jpg.rf.9a94d220d2b0960a1a35b05aacff19b8.jpg,720,640,"[140, 254, 155.5, 40]"
39_jpg.rf.9a94d220d2b0960a1a35b05aacff19b8.jpg,720,640,"[165, 352, 173, 203.5]"
53_jpg.rf.aaee2347fbfe0440bb2398d491d7f97a.jpg,720,640,"[427, 394, 243.5, 95]"
53_jpg.rf.aaee2347fbfe0440bb2398d491d7f97a.jpg,720,640,"[399, 318, 94, 36.5]"
53_jpg.rf.aaee2347fbfe0440bb2398d491d7f97a.jpg,720,640,"[513, 307, 172.5, 65]"
53_jpg.rf.aaee2347fbfe0440bb2398d491d7f97a.jpg,720,640,"[424, 256, 125.5, 47.5]"
53_jpg.rf.aaee2347fbfe0440bb2398d491d7f97a.jpg,720,640,"[402, 289, 79, 26]"
53_jpg.rf.aaee2347fbfe0440bb2398d491d7f97a.jpg,720,640,"[271, 259, 76, 27.5]"
53_jpg.rf.aaee2347fbfe0440bb2398d491d7f97a.jpg,720,640,"[281, 225, 121.5, 35.5]"
53_jpg.rf.aaee2347fbfe0440bb2398d491d7f97a.jpg,720,640,"[160, 211, 72.5, 31]"
53_jpg.rf.aaee2347fbfe0440bb2398d491d7f97a.jpg,720,640,"[113, 169, 81, 38]"
310_jpg.rf.a120f86923778ed2b149b5dcd50e1a76.jpg,720,640,"[385, 411, 268.5, 164.5]"
310_jpg.rf.a120f86923778ed2b149b5dcd50e1a76.jpg,720,640,"[187, 189, 181.5, 152]"
310_jpg.rf.a120f86923778ed2b149b5dcd50e1a76.jpg,720,640,"[32, 75, 82.5, 65]"
310_jpg.rf.a120f86923778ed2b149b5dcd50e1a76.jpg,720,640,"[83, 185, 92, 50]"
52_jpg.rf.9de4b24b9afd7176ad05ec211e6485df.jpg,720,640,"[207, 378, 224, 169.5]"
52_jpg.rf.9de4b24b9afd7176ad05ec211e6485df.jpg,720,640,"[276, 317, 53, 53]"
52_jpg.rf.9de4b24b9afd7176ad05ec211e6485df.jpg,720,640,"[189, 298, 46, 59.5]"
52_jpg.rf.9de4b24b9afd7176ad05ec211e6485df.jpg,720,640,"[326, 286, 120, 69.5]"
180_jpg.rf.adae471e427b58bcccf54dbbc3c3b104.jpg,720,640,"[87, 215, 605, 400]"
311_jpg.rf.abcc6f8c40263bfdac9899f64ecddd89.jpg,720,640,"[157, 257, 420.5, 367.5]"
311_jpg.rf.abcc6f8c40263bfdac9899f64ecddd89.jpg,720,640,"[218, 167, 148, 87]"
256_jpg.rf.9e6a37d62cf80d5e600b1351b3e92176.jpg,720,640,"[16, 319, 90, 52.5]"
256_jpg.rf.9e6a37d62cf80d5e600b1351b3e92176.jpg,720,640,"[148, 408, 90, 95]"
256_jpg.rf.9e6a37d62cf80d5e600b1351b3e92176.jpg,720,640,"[386, 259, 334, 67]"
291_jpg.rf.9fcefb8b1653b03146afa2a41fdac692.jpg,720,640,"[122, 368, 288.5, 83.5]"
291_jpg.rf.9fcefb8b1653b03146afa2a41fdac692.jpg,720,640,"[414, 177, 182.5, 69.5]"
100_jpg.rf.ace3321fe3e36af1b314f0222fda9df5.jpg,720,640,"[20, 175, 335, 121]"
100_jpg.rf.ace3321fe3e36af1b314f0222fda9df5.jpg,720,640,"[374, 227, 285.5, 169.5]"
128_jpg.rf.9e4e9a1ed3df5775a920a68823413e77.jpg,720,640,"[101, 157, 495, 277.5]"
153_jpg.rf.96322855a4e53988b4707d1e721f5702.jpg,720,640,"[11, 437, 230.5, 147.5]"
153_jpg.rf.96322855a4e53988b4707d1e721f5702.jpg,720,640,"[453, 443, 186.5, 163]"
153_jpg.rf.96322855a4e53988b4707d1e721f5702.jpg,720,640,"[545, 377, 127, 59.5]"
153_jpg.rf.96322855a4e53988b4707d1e721f5702.jpg,720,640,"[529, 300, 122.5, 70]"
153_jpg.rf.96322855a4e53988b4707d1e721f5702.jpg,720,640,"[662, 310, 58, 48]"
153_jpg.rf.96322855a4e53988b4707d1e721f5702.jpg,720,640,"[181, 220, 249, 200]"
153_jpg.rf.96322855a4e53988b4707d1e721f5702.jpg,720,640,"[409, 194, 119, 92]"
153_jpg.rf.96322855a4e53988b4707d1e721f5702.jpg,720,640,"[227, 83, 114.5, 51.5]"
153_jpg.rf.96322855a4e53988b4707d1e721f5702.jpg,720,640,"[355, 99, 113, 54]"
153_jpg.rf.96322855a4e53988b4707d1e721f5702.jpg,720,640,"[497, 84, 69, 26]"
153_jpg.rf.96322855a4e53988b4707d1e721f5702.jpg,720,640,"[577, 80, 41.5, 23]"
153_jpg.rf.96322855a4e53988b4707d1e721f5702.jpg,720,640,"[602, 143, 58.5, 34.5]"
153_jpg.rf.96322855a4e53988b4707d1e721f5702.jpg,720,640,"[179, 53, 51, 41.5]"
153_jpg.rf.96322855a4e53988b4707d1e721f5702.jpg,720,640,"[284, 42, 72.5, 28.5]"
153_jpg.rf.96322855a4e53988b4707d1e721f5702.jpg,720,640,"[369, 70, 87, 42.5]"
153_jpg.rf.96322855a4e53988b4707d1e721f5702.jpg,720,640,"[358, 28, 72.5, 31.5]"
153_jpg.rf.96322855a4e53988b4707d1e721f5702.jpg,720,640,"[433, 45, 63, 31]"
153_jpg.rf.96322855a4e53988b4707d1e721f5702.jpg,720,640,"[205, 34, 48, 20]"
153_jpg.rf.96322855a4e53988b4707d1e721f5702.jpg,720,640,"[217, 4, 52, 21]"
153_jpg.rf.96322855a4e53988b4707d1e721f5702.jpg,720,640,"[475, 106, 60, 28.5]"
172_jpg.rf.af38d19e9d6f7f88be141d34dcb628ab.jpg,720,640,"[62, 455, 269, 182.5]"
172_jpg.rf.af38d19e9d6f7f88be141d34dcb628ab.jpg,720,640,"[234, 246, 195.5, 71.5]"
172_jpg.rf.af38d19e9d6f7f88be141d34dcb628ab.jpg,720,640,"[423, 158, 137.5, 63]"
85_jpg.rf.abb84eae24524365ed7299a0e9495ce6.jpg,720,640,"[66, 348, 149, 195]"
85_jpg.rf.abb84eae24524365ed7299a0e9495ce6.jpg,720,640,"[160, 276, 219.5, 74.5]"
85_jpg.rf.abb84eae24524365ed7299a0e9495ce6.jpg,720,640,"[341, 374, 345.5, 266]"
85_jpg.rf.abb84eae24524365ed7299a0e9495ce6.jpg,720,640,"[255, 103, 177.5, 93.5]"
85_jpg.rf.abb84eae24524365ed7299a0e9495ce6.jpg,720,640,"[106, 144, 108.5, 65]"
85_jpg.rf.abb84eae24524365ed7299a0e9495ce6.jpg,720,640,"[101, 222, 79, 47.5]"
85_jpg.rf.abb84eae24524365ed7299a0e9495ce6.jpg,720,640,"[33, 70, 138.5, 68]"
85_jpg.rf.abb84eae24524365ed7299a0e9495ce6.jpg,720,640,"[187, 14, 72.5, 63.5]"
68_jpg.rf.ac1a993a388d527580d1de0991c7bc86.jpg,720,640,"[121, 358, 156, 80.5]"
68_jpg.rf.ac1a993a388d527580d1de0991c7bc86.jpg,720,640,"[225, 212, 463, 258.5]"
68_jpg.rf.ac1a993a388d527580d1de0991c7bc86.jpg,720,640,"[2, 163, 114, 56]"
68_jpg.rf.ac1a993a388d527580d1de0991c7bc86.jpg,720,640,"[165, 184, 84.5, 44]"
68_jpg.rf.ac1a993a388d527580d1de0991c7bc86.jpg,720,640,"[423, 165, 93, 31.5]"
68_jpg.rf.ac1a993a388d527580d1de0991c7bc86.jpg,720,640,"[395, 142, 65.5, 25.5]"
68_jpg.rf.ac1a993a388d527580d1de0991c7bc86.jpg,720,640,"[357, 87, 93, 32.5]"
68_jpg.rf.ac1a993a388d527580d1de0991c7bc86.jpg,720,640,"[103, 583, 178.5, 56]"
301_jpg.rf.a733da0a583ab50e530c632c985be887.jpg,720,640,"[251, 380, 44.5, 48]"
301_jpg.rf.a733da0a583ab50e530c632c985be887.jpg,720,640,"[446, 433, 37.5, 47.5]"
301_jpg.rf.a733da0a583ab50e530c632c985be887.jpg,720,640,"[283, 310, 112, 48]"
301_jpg.rf.a733da0a583ab50e530c632c985be887.jpg,720,640,"[483, 351, 46, 44.5]"
301_jpg.rf.a733da0a583ab50e530c632c985be887.jpg,720,640,"[599, 253, 120.5, 179]"
301_jpg.rf.a733da0a583ab50e530c632c985be887.jpg,720,640,"[521, 248, 76, 75.5]"
301_jpg.rf.a733da0a583ab50e530c632c985be887.jpg,720,640,"[463, 153, 65, 40.5]"
301_jpg.rf.a733da0a583ab50e530c632c985be887.jpg,720,640,"[539, 200, 96.5, 49.5]"
301_jpg.rf.a733da0a583ab50e530c632c985be887.jpg,720,640,"[233, 258, 69, 40]"
301_jpg.rf.a733da0a583ab50e530c632c985be887.jpg,720,640,"[321, 248, 61.5, 39]"
228_jpg.rf.9e53714cbad573771de121002fa3857c.jpg,720,640,"[512, 304, 193.5, 206.5]"
228_jpg.rf.9e53714cbad573771de121002fa3857c.jpg,720,640,"[375, 568, 93.5, 72]"
228_jpg.rf.9e53714cbad573771de121002fa3857c.jpg,720,640,"[190, 523, 91.5, 117]"
228_jpg.rf.9e53714cbad573771de121002fa3857c.jpg,720,640,"[214, 425, 55.5, 42.5]"
228_jpg.rf.9e53714cbad573771de121002fa3857c.jpg,720,640,"[430, 403, 58, 80]"
228_jpg.rf.9e53714cbad573771de121002fa3857c.jpg,720,640,"[371, 371, 28, 26.5]"
228_jpg.rf.9e53714cbad573771de121002fa3857c.jpg,720,640,"[406, 359, 56.5, 36]"
228_jpg.rf.9e53714cbad573771de121002fa3857c.jpg,720,640,"[465, 340, 31.5, 34.5]"
228_jpg.rf.9e53714cbad573771de121002fa3857c.jpg,720,640,"[411, 322, 32.5, 28.5]"
228_jpg.rf.9e53714cbad573771de121002fa3857c.jpg,720,640,"[371, 314, 29, 36.5]"
294_jpg.rf.b13a0d8e0c811267ea8701e37050923c.jpg,720,640,"[127, 324, 108.5, 80]"
294_jpg.rf.b13a0d8e0c811267ea8701e37050923c.jpg,720,640,"[277, 239, 319, 131.5]"
327_jpg.rf.af57a3aeef905402f3841cbec19baecf.jpg,720,640,"[112, 334, 372, 269.5]"
327_jpg.rf.af57a3aeef905402f3841cbec19baecf.jpg,720,640,"[305, 232, 148.5, 74]"
327_jpg.rf.af57a3aeef905402f3841cbec19baecf.jpg,720,640,"[346, 151, 219.5, 79]"
289_jpg.rf.b453bdb8d625a22e3f491a5e738279f0.jpg,720,640,"[249, 457, 314, 120]"
316_jpg.rf.b17d4575b0ad35aa377483d56b61b742.jpg,720,640,"[374, 498, 168.5, 110.5]"
316_jpg.rf.b17d4575b0ad35aa377483d56b61b742.jpg,720,640,"[339, 425, 158, 46]"
249_jpg.rf.a7ae9a17b312d7584cfc2a5af4cc85d8.jpg,720,640,"[101, 285, 114.5, 119.5]"
249_jpg.rf.a7ae9a17b312d7584cfc2a5af4cc85d8.jpg,720,640,"[223, 275, 143, 118]"
249_jpg.rf.a7ae9a17b312d7584cfc2a5af4cc85d8.jpg,720,640,"[468, 357, 130, 111.5]"
249_jpg.rf.a7ae9a17b312d7584cfc2a5af4cc85d8.jpg,720,640,"[462, 272, 157, 81]"
249_jpg.rf.a7ae9a17b312d7584cfc2a5af4cc85d8.jpg,720,640,"[72, 453, 72.5, 59.5]"
242_jpg.rf.b8327f3a5e66e130cbd0f42679d7c35f.jpg,720,640,"[110, 370, 191, 86]"
280_jpg.rf.b9e474e0e8c52bc6cbd8517814ded5d9.jpg,720,640,"[102, 161, 564, 431]"
45_jpg.rf.b526fb04ffe536b6acce638e2e9234a9.jpg,720,640,"[189, 369, 217, 93]"
45_jpg.rf.b526fb04ffe536b6acce638e2e9234a9.jpg,720,640,"[230, 213, 110, 64.5]"
45_jpg.rf.b526fb04ffe536b6acce638e2e9234a9.jpg,720,640,"[16, 285, 175, 97.5]"
45_jpg.rf.b526fb04ffe536b6acce638e2e9234a9.jpg,720,640,"[94, 104, 63.5, 46.5]"
45_jpg.rf.b526fb04ffe536b6acce638e2e9234a9.jpg,720,640,"[258, 120, 116, 89]"
149_jpg.rf.c1e53617129be1256688274d3e9efb80.jpg,720,640,"[221, 271, 257.5, 241]"
149_jpg.rf.c1e53617129be1256688274d3e9efb80.jpg,720,640,"[440, 167, 261, 124]"
149_jpg.rf.c1e53617129be1256688274d3e9efb80.jpg,720,640,"[17, 81, 226, 113.5]"
284_jpg.rf.c6e17655667662b6c775dcc0abd57caf.jpg,720,640,"[328, 283, 297, 300]"
176_jpg.rf.c0ddb9efd70a73281089560a2278ca5c.jpg,720,640,"[312, 364, 196, 149]"
176_jpg.rf.c0ddb9efd70a73281089560a2278ca5c.jpg,720,640,"[55, 196, 229, 145]"
329_jpg.rf.b3fbd6e6aee7b36e3ec64b5aa257d496.jpg,720,640,"[53, 280, 576, 157.5]"
135_jpg.rf.bc46b036f0971afa07510180df10139e.jpg,720,640,"[243, 429, 225.5, 211]"
135_jpg.rf.bc46b036f0971afa07510180df10139e.jpg,720,640,"[423, 317, 170, 154.5]"
233_jpg.rf.b5115e01614228897a7a8ea806ffc67e.jpg,720,640,"[219, 96, 249, 375]"
15_jpg.rf.c38fa5d25ff82fc11e41b35e087f07b3.jpg,720,640,"[139, 202, 87.5, 72.5]"
15_jpg.rf.c38fa5d25ff82fc11e41b35e087f07b3.jpg,720,640,"[158, 291, 355, 199]"
28_jpg.rf.b5b81bb0ad9ba090db9f62232d346e26.jpg,720,640,"[266, 550, 157, 75.5]"
28_jpg.rf.b5b81bb0ad9ba090db9f62232d346e26.jpg,720,640,"[154, 508, 80, 60]"
28_jpg.rf.b5b81bb0ad9ba090db9f62232d346e26.jpg,720,640,"[350, 429, 73.5, 40.5]"
28_jpg.rf.b5b81bb0ad9ba090db9f62232d346e26.jpg,720,640,"[245, 357, 59, 42]"
28_jpg.rf.b5b81bb0ad9ba090db9f62232d346e26.jpg,720,640,"[160, 297, 54, 45.5]"
28_jpg.rf.b5b81bb0ad9ba090db9f62232d346e26.jpg,720,640,"[326, 301, 52.5, 23]"
28_jpg.rf.b5b81bb0ad9ba090db9f62232d346e26.jpg,720,640,"[404, 332, 41, 26.5]"
28_jpg.rf.b5b81bb0ad9ba090db9f62232d346e26.jpg,720,640,"[455, 257, 42.5, 28]"
28_jpg.rf.b5b81bb0ad9ba090db9f62232d346e26.jpg,720,640,"[459, 375, 61.5, 37]"
28_jpg.rf.b5b81bb0ad9ba090db9f62232d346e26.jpg,720,640,"[515, 466, 36.5, 37]"
28_jpg.rf.b5b81bb0ad9ba090db9f62232d346e26.jpg,720,640,"[368, 510, 210, 75.5]"
28_jpg.rf.b5b81bb0ad9ba090db9f62232d346e26.jpg,720,640,"[353, 257, 66.5, 28]"
28_jpg.rf.b5b81bb0ad9ba090db9f62232d346e26.jpg,720,640,"[496, 405, 62, 37]"
28_jpg.rf.b5b81bb0ad9ba090db9f62232d346e26.jpg,720,640,"[581, 561, 133, 75.5]"
28_jpg.rf.b5b81bb0ad9ba090db9f62232d346e26.jpg,720,640,"[225, 310, 63.5, 24.5]"
29_jpg.rf.bdaf7c36044eed5e2cc9f96b9987b732.jpg,720,640,"[296, 457, 191, 114]"
29_jpg.rf.bdaf7c36044eed5e2cc9f96b9987b732.jpg,720,640,"[83, 501, 126, 108]"
29_jpg.rf.bdaf7c36044eed5e2cc9f96b9987b732.jpg,720,640,"[149, 387, 59.5, 100]"
29_jpg.rf.bdaf7c36044eed5e2cc9f96b9987b732.jpg,720,640,"[197, 216, 260.5, 149.5]"
29_jpg.rf.bdaf7c36044eed5e2cc9f96b9987b732.jpg,720,640,"[281, 52, 130, 146.5]"
29_jpg.rf.bdaf7c36044eed5e2cc9f96b9987b732.jpg,720,640,"[253, 368, 71.5, 90]"
175_jpg.rf.c6c2110700fc61224d13835cfa33ece9.jpg,720,640,"[465, 96, 194.5, 153]"
102_jpg.rf.b8aaee474620c5dad1f24283fe1ae64f.jpg,720,640,"[297, 345, 113.5, 84.5]"
102_jpg.rf.b8aaee474620c5dad1f24283fe1ae64f.jpg,720,640,"[182, 436, 191, 142]"
190_jpg.rf.bdd31f319790b59b440cafbb5636f81e.jpg,720,640,"[8, 389, 205.5, 117.5]"
190_jpg.rf.bdd31f319790b59b440cafbb5636f81e.jpg,720,640,"[571, 271, 72.5, 83]"
190_jpg.rf.bdd31f319790b59b440cafbb5636f81e.jpg,720,640,"[219, 190, 183, 115]"
190_jpg.rf.bdd31f319790b59b440cafbb5636f81e.jpg,720,640,"[410, 192, 63.5, 50.5]"
190_jpg.rf.bdd31f319790b59b440cafbb5636f81e.jpg,720,640,"[520, 120, 92.5, 70.5]"
190_jpg.rf.bdd31f319790b59b440cafbb5636f81e.jpg,720,640,"[613, 75, 106.5, 87.5]"
190_jpg.rf.bdd31f319790b59b440cafbb5636f81e.jpg,720,640,"[214, 118, 279.5, 71]"
190_jpg.rf.bdd31f319790b59b440cafbb5636f81e.jpg,720,640,"[2, 124, 183, 45]"
190_jpg.rf.bdd31f319790b59b440cafbb5636f81e.jpg,720,640,"[3, 190, 204, 122.5]"
190_jpg.rf.bdd31f319790b59b440cafbb5636f81e.jpg,720,640,"[66, 91, 182, 26.5]"
190_jpg.rf.bdd31f319790b59b440cafbb5636f81e.jpg,720,640,"[355, 63, 103.5, 53.5]"
190_jpg.rf.bdd31f319790b59b440cafbb5636f81e.jpg,720,640,"[484, 72, 130, 38]"
190_jpg.rf.bdd31f319790b59b440cafbb5636f81e.jpg,720,640,"[558, 195, 106, 60.5]"
279_jpg.rf.b682d34fba0d714cb89958147d97fcf5.jpg,720,640,"[473, 446, 101.5, 81]"
279_jpg.rf.b682d34fba0d714cb89958147d97fcf5.jpg,720,640,"[639, 495, 66.5, 27.5]"
279_jpg.rf.b682d34fba0d714cb89958147d97fcf5.jpg,720,640,"[610, 543, 110, 96]"
279_jpg.rf.b682d34fba0d714cb89958147d97fcf5.jpg,720,640,"[224, 349, 50.5, 30]"
279_jpg.rf.b682d34fba0d714cb89958147d97fcf5.jpg,720,640,"[34, 338, 142.5, 90]"
279_jpg.rf.b682d34fba0d714cb89958147d97fcf5.jpg,720,640,"[18, 265, 85.5, 45]"
279_jpg.rf.b682d34fba0d714cb89958147d97fcf5.jpg,720,640,"[511, 337, 208.5, 80.5]"
279_jpg.rf.b682d34fba0d714cb89958147d97fcf5.jpg,720,640,"[369, 272, 43, 45.5]"
279_jpg.rf.b682d34fba0d714cb89958147d97fcf5.jpg,720,640,"[434, 339, 64, 52]"
279_jpg.rf.b682d34fba0d714cb89958147d97fcf5.jpg,720,640,"[528, 230, 63.5, 34]"
279_jpg.rf.b682d34fba0d714cb89958147d97fcf5.jpg,720,640,"[639, 257, 46, 26.5]"
18_jpg.rf.ca2092a412248a071f46857345e98b0c.jpg,720,640,"[92, 359, 126.5, 150.5]"
18_jpg.rf.ca2092a412248a071f46857345e98b0c.jpg,720,640,"[114, 230, 83, 44]"
18_jpg.rf.ca2092a412248a071f46857345e98b0c.jpg,720,640,"[270, 216, 47, 33]"
18_jpg.rf.ca2092a412248a071f46857345e98b0c.jpg,720,640,"[270, 244, 66, 35.5]"
18_jpg.rf.ca2092a412248a071f46857345e98b0c.jpg,720,640,"[353, 228, 62.5, 22.5]"
18_jpg.rf.ca2092a412248a071f46857345e98b0c.jpg,720,640,"[436, 211, 39, 21.5]"
18_jpg.rf.ca2092a412248a071f46857345e98b0c.jpg,720,640,"[641, 274, 77, 63]"
18_jpg.rf.ca2092a412248a071f46857345e98b0c.jpg,720,640,"[572, 251, 52, 41.5]"
18_jpg.rf.ca2092a412248a071f46857345e98b0c.jpg,720,640,"[588, 224, 58, 31]"
18_jpg.rf.ca2092a412248a071f46857345e98b0c.jpg,720,640,"[626, 201, 40.5, 28.5]"
18_jpg.rf.ca2092a412248a071f46857345e98b0c.jpg,720,640,"[364, 338, 120, 89]"
112_jpg.rf.c68876189b984f8306b1825399a47753.jpg,720,640,"[187, 162, 220.5, 173.5]"
159_jpg.rf.c9e608d1ab7712c5d4fc994415e54d97.jpg,720,640,"[63, 376, 533.5, 187.5]"
56_jpg.rf.bdd619f9b69453952d220ca78bc1e21f.jpg,720,640,"[0, 224, 606.5, 330.5]"
182_jpg.rf.cc5ac38e25305e08dfe9efb14b60fc6a.jpg,720,640,"[8, 299, 711.5, 339.5]"
223_jpg.rf.c30a10ddba098775a4437f9fddcc85d3.jpg,720,640,"[244, 192, 422, 404.5]"
90_jpg.rf.b482c573ea837c1ef060e5143c323fdb.jpg,720,640,"[195, 275, 303.5, 231]"
307_jpg.rf.cc2a20e62ab458785b51292c6ce04677.jpg,720,640,"[10, 289, 603, 350.5]"
307_jpg.rf.cc2a20e62ab458785b51292c6ce04677.jpg,720,640,"[275, 141, 235, 140.5]"
307_jpg.rf.cc2a20e62ab458785b51292c6ce04677.jpg,720,640,"[448, 124, 208, 89.5]"
307_jpg.rf.cc2a20e62ab458785b51292c6ce04677.jpg,720,640,"[311, 77, 88, 46.5]"
201_jpg.rf.c9e0e6c803115cbb21c5b0d330665891.jpg,720,640,"[182, 240, 267.5, 226.5]"
10_jpg.rf.c7f7bee1e48865fa04a0bf025efcfb57.jpg,720,640,"[173, 467, 127.5, 138.5]"
10_jpg.rf.c7f7bee1e48865fa04a0bf025efcfb57.jpg,720,640,"[40, 406, 131.5, 93.5]"
10_jpg.rf.c7f7bee1e48865fa04a0bf025efcfb57.jpg,720,640,"[65, 269, 128.5, 75.5]"
10_jpg.rf.c7f7bee1e48865fa04a0bf025efcfb57.jpg,720,640,"[507, 314, 213, 163.5]"
10_jpg.rf.c7f7bee1e48865fa04a0bf025efcfb57.jpg,720,640,"[537, 251, 87, 65]"
10_jpg.rf.c7f7bee1e48865fa04a0bf025efcfb57.jpg,720,640,"[264, 256, 191.5, 149]"
10_jpg.rf.c7f7bee1e48865fa04a0bf025efcfb57.jpg,720,640,"[17, 206, 115, 54.5]"
10_jpg.rf.c7f7bee1e48865fa04a0bf025efcfb57.jpg,720,640,"[343, 507, 125, 132.5]"
120_jpg.rf.bbf1b81591385a8ddc17c2dc61c8fa69.jpg,720,640,"[123, 362, 117, 72]"
120_jpg.rf.bbf1b81591385a8ddc17c2dc61c8fa69.jpg,720,640,"[166, 447, 251.5, 115]"
254_jpg.rf.d0ac7e733118d0e521a592aa203ba29b.jpg,720,640,"[167, 396, 284, 223]"
314_jpg.rf.d0ca975ae69e4147da6c2bf4ce3c3e08.jpg,720,640,"[132, 14, 162, 113]"
10_jpg.rf.d54e2947d6b0c82efb3ed9e79d0e734f.jpg,720,640,"[33, 399, 137, 99.5]"
10_jpg.rf.d54e2947d6b0c82efb3ed9e79d0e734f.jpg,720,640,"[161, 458, 147, 149]"
10_jpg.rf.d54e2947d6b0c82efb3ed9e79d0e734f.jpg,720,640,"[350, 483, 129.5, 157]"
10_jpg.rf.d54e2947d6b0c82efb3ed9e79d0e734f.jpg,720,640,"[506, 491, 93.5, 91.5]"
10_jpg.rf.d54e2947d6b0c82efb3ed9e79d0e734f.jpg,720,640,"[7, 293, 44.5, 28]"
10_jpg.rf.d54e2947d6b0c82efb3ed9e79d0e734f.jpg,720,640,"[57, 273, 141, 69.5]"
10_jpg.rf.d54e2947d6b0c82efb3ed9e79d0e734f.jpg,720,640,"[512, 252, 136.5, 60]"
10_jpg.rf.d54e2947d6b0c82efb3ed9e79d0e734f.jpg,720,640,"[142, 215, 102.5, 27.5]"
10_jpg.rf.d54e2947d6b0c82efb3ed9e79d0e734f.jpg,720,640,"[217, 249, 253, 169.5]"
10_jpg.rf.d54e2947d6b0c82efb3ed9e79d0e734f.jpg,720,640,"[474, 314, 246, 152]"
10_jpg.rf.d54e2947d6b0c82efb3ed9e79d0e734f.jpg,720,640,"[43, 247, 50, 22]"
10_jpg.rf.d54e2947d6b0c82efb3ed9e79d0e734f.jpg,720,640,"[12, 197, 110.5, 48]"
63_jpg.rf.cc63e3b8ac04858f4e7b15f9df28160f.jpg,720,640,"[65, 133, 590, 310]"
259_jpg.rf.da3249e7ec66f75d7673e4aec7c3f5d5.jpg,720,640,"[4, 466, 282.5, 173.5]"
259_jpg.rf.da3249e7ec66f75d7673e4aec7c3f5d5.jpg,720,640,"[293, 563, 129.5, 77]"
259_jpg.rf.da3249e7ec66f75d7673e4aec7c3f5d5.jpg,720,640,"[476, 583, 64, 56.5]"
259_jpg.rf.da3249e7ec66f75d7673e4aec7c3f5d5.jpg,720,640,"[266, 386, 216, 63]"
259_jpg.rf.da3249e7ec66f75d7673e4aec7c3f5d5.jpg,720,640,"[372, 457, 189, 87.5]"
259_jpg.rf.da3249e7ec66f75d7673e4aec7c3f5d5.jpg,720,640,"[0, 347, 31.5, 63]"
259_jpg.rf.da3249e7ec66f75d7673e4aec7c3f5d5.jpg,720,640,"[42, 335, 140, 33]"
259_jpg.rf.da3249e7ec66f75d7673e4aec7c3f5d5.jpg,720,640,"[344, 296, 49.5, 31.5]"
259_jpg.rf.da3249e7ec66f75d7673e4aec7c3f5d5.jpg,720,640,"[477, 324, 86.5, 62]"
259_jpg.rf.da3249e7ec66f75d7673e4aec7c3f5d5.jpg,720,640,"[568, 333, 152, 205]"
259_jpg.rf.da3249e7ec66f75d7673e4aec7c3f5d5.jpg,720,640,"[416, 294, 80.5, 37.5]"
259_jpg.rf.da3249e7ec66f75d7673e4aec7c3f5d5.jpg,720,640,"[111, 292, 84, 34]"
259_jpg.rf.da3249e7ec66f75d7673e4aec7c3f5d5.jpg,720,640,"[198, 261, 92, 48]"
277_jpg.rf.c64aff2d15057106aa1d7f5916f28af0.jpg,720,640,"[11, 71, 685.5, 531.5]"
211_jpg.rf.e363ee2c322b59d3c328f48dad4e61d0.jpg,720,640,"[161, 324, 328, 214]"
211_jpg.rf.e363ee2c322b59d3c328f48dad4e61d0.jpg,720,640,"[42, 17, 159, 125]"
211_jpg.rf.e363ee2c322b59d3c328f48dad4e61d0.jpg,720,640,"[545, 361, 175, 213]"
21_jpg.rf.dedb1a23285368e190954a6e16ef412b.jpg,720,640,"[94, 164, 493, 378]"
170_jpg.rf.e3e651028ba0103e040a0adf99a50745.jpg,720,640,"[252, 333, 232.5, 88]"
170_jpg.rf.e3e651028ba0103e040a0adf99a50745.jpg,720,640,"[261, 462, 263, 119.5]"
73_jpg.rf.d8ed5f4d94cf516fe748b85f947397a5.jpg,720,640,"[144, 537, 48.5, 23.5]"
73_jpg.rf.d8ed5f4d94cf516fe748b85f947397a5.jpg,720,640,"[286, 549, 62.5, 19.5]"
73_jpg.rf.d8ed5f4d94cf516fe748b85f947397a5.jpg,720,640,"[362, 444, 60.5, 39.5]"
73_jpg.rf.d8ed5f4d94cf516fe748b85f947397a5.jpg,720,640,"[432, 464, 104, 82]"
73_jpg.rf.d8ed5f4d94cf516fe748b85f947397a5.jpg,720,640,"[456, 575, 72, 61.5]"
73_jpg.rf.d8ed5f4d94cf516fe748b85f947397a5.jpg,720,640,"[165, 445, 51.5, 52.5]"
73_jpg.rf.d8ed5f4d94cf516fe748b85f947397a5.jpg,720,640,"[227, 370, 35.5, 25]"
73_jpg.rf.d8ed5f4d94cf516fe748b85f947397a5.jpg,720,640,"[275, 378, 63.5, 23.5]"
73_jpg.rf.d8ed5f4d94cf516fe748b85f947397a5.jpg,720,640,"[487, 386, 53, 44.5]"
73_jpg.rf.d8ed5f4d94cf516fe748b85f947397a5.jpg,720,640,"[303, 498, 43.5, 27.5]"
282_jpg.rf.defc1731ea730468fcab43b55674cb2f.jpg,720,640,"[4, 378, 224.5, 215]"
282_jpg.rf.defc1731ea730468fcab43b55674cb2f.jpg,720,640,"[299, 429, 227.5, 175.5]"
282_jpg.rf.defc1731ea730468fcab43b55674cb2f.jpg,720,640,"[316, 178, 62, 60.5]"
282_jpg.rf.defc1731ea730468fcab43b55674cb2f.jpg,720,640,"[420, 169, 64.5, 135]"
315_jpg.rf.dadae78e8cf3d9623e124e632614f591.jpg,720,640,"[153, 127, 524.5, 186.5]"
315_jpg.rf.dadae78e8cf3d9623e124e632614f591.jpg,720,640,"[152, 430, 3.5, 1.5]"
147_jpg.rf.d98d5a70476defef8fe019a805aca0dc.jpg,720,640,"[215, 381, 350, 259]"
147_jpg.rf.d98d5a70476defef8fe019a805aca0dc.jpg,720,640,"[530, 366, 67, 68]"
147_jpg.rf.d98d5a70476defef8fe019a805aca0dc.jpg,720,640,"[599, 342, 106.5, 69]"
147_jpg.rf.d98d5a70476defef8fe019a805aca0dc.jpg,720,640,"[409, 310, 49.5, 52]"
147_jpg.rf.d98d5a70476defef8fe019a805aca0dc.jpg,720,640,"[386, 256, 38, 36.5]"
147_jpg.rf.d98d5a70476defef8fe019a805aca0dc.jpg,720,640,"[458, 230, 40, 38.5]"
147_jpg.rf.d98d5a70476defef8fe019a805aca0dc.jpg,720,640,"[514, 239, 75, 58.5]"
151_jpg.rf.e1bee3b7681565ee027e7d2f7cbf3396.jpg,720,640,"[44, 329, 290.5, 219]"
151_jpg.rf.e1bee3b7681565ee027e7d2f7cbf3396.jpg,720,640,"[398, 434, 101, 91.5]"
151_jpg.rf.e1bee3b7681565ee027e7d2f7cbf3396.jpg,720,640,"[378, 319, 67.5, 80]"
151_jpg.rf.e1bee3b7681565ee027e7d2f7cbf3396.jpg,720,640,"[463, 280, 65.5, 51.5]"
151_jpg.rf.e1bee3b7681565ee027e7d2f7cbf3396.jpg,720,640,"[517, 405, 120.5, 90.5]"
151_jpg.rf.e1bee3b7681565ee027e7d2f7cbf3396.jpg,720,640,"[521, 516, 97, 90.5]"
151_jpg.rf.e1bee3b7681565ee027e7d2f7cbf3396.jpg,720,640,"[634, 495, 86, 108]"
151_jpg.rf.e1bee3b7681565ee027e7d2f7cbf3396.jpg,720,640,"[552, 329, 149.5, 93.5]"
151_jpg.rf.e1bee3b7681565ee027e7d2f7cbf3396.jpg,720,640,"[310, 263, 64.5, 44.5]"
151_jpg.rf.e1bee3b7681565ee027e7d2f7cbf3396.jpg,720,640,"[495, 225, 91, 68.5]"
151_jpg.rf.e1bee3b7681565ee027e7d2f7cbf3396.jpg,720,640,"[150, 250, 53, 55.5]"
243_jpg.rf.d0ed8ca655b8001c8de087ec060f36f6.jpg,720,640,"[195, 275, 298, 357.5]"
260_jpg.rf.e2d51af4cb4c58c898ad896cd7a87111.jpg,720,640,"[193, 472, 121, 131]"
260_jpg.rf.e2d51af4cb4c58c898ad896cd7a87111.jpg,720,640,"[288, 408, 164.5, 85.5]"
260_jpg.rf.e2d51af4cb4c58c898ad896cd7a87111.jpg,720,640,"[496, 306, 80.5, 41.5]"
260_jpg.rf.e2d51af4cb4c58c898ad896cd7a87111.jpg,720,640,"[670, 292, 50, 83]"
260_jpg.rf.e2d51af4cb4c58c898ad896cd7a87111.jpg,720,640,"[103, 365, 160.5, 58.5]"
260_jpg.rf.e2d51af4cb4c58c898ad896cd7a87111.jpg,720,640,"[273, 347, 54.5, 40.5]"
260_jpg.rf.e2d51af4cb4c58c898ad896cd7a87111.jpg,720,640,"[102, 306, 61.5, 35]"
260_jpg.rf.e2d51af4cb4c58c898ad896cd7a87111.jpg,720,640,"[191, 318, 35.5, 18.5]"
260_jpg.rf.e2d51af4cb4c58c898ad896cd7a87111.jpg,720,640,"[14, 292, 77, 29.5]"
260_jpg.rf.e2d51af4cb4c58c898ad896cd7a87111.jpg,720,640,"[213, 275, 102, 29]"
260_jpg.rf.e2d51af4cb4c58c898ad896cd7a87111.jpg,720,640,"[154, 278, 53, 19.5]"
260_jpg.rf.e2d51af4cb4c58c898ad896cd7a87111.jpg,720,640,"[146, 250, 93.5, 14]"
260_jpg.rf.e2d51af4cb4c58c898ad896cd7a87111.jpg,720,640,"[459, 242, 39, 19.5]"
260_jpg.rf.e2d51af4cb4c58c898ad896cd7a87111.jpg,720,640,"[520, 220, 50.5, 12.5]"
260_jpg.rf.e2d51af4cb4c58c898ad896cd7a87111.jpg,720,640,"[477, 260, 66, 23]"
28_jpg.rf.e08a72cd72a137f672f8e2bf874171fa.jpg,720,640,"[264, 546, 159.5, 93.5]"
28_jpg.rf.e08a72cd72a137f672f8e2bf874171fa.jpg,720,640,"[180, 507, 55, 40]"
28_jpg.rf.e08a72cd72a137f672f8e2bf874171fa.jpg,720,640,"[224, 477, 148, 45]"
28_jpg.rf.e08a72cd72a137f672f8e2bf874171fa.jpg,720,640,"[348, 419, 71.5, 50.5]"
28_jpg.rf.e08a72cd72a137f672f8e2bf874171fa.jpg,720,640,"[511, 461, 45.5, 49.5]"
28_jpg.rf.e08a72cd72a137f672f8e2bf874171fa.jpg,720,640,"[371, 509, 145, 54]"
28_jpg.rf.e08a72cd72a137f672f8e2bf874171fa.jpg,720,640,"[596, 394, 32, 43]"
28_jpg.rf.e08a72cd72a137f672f8e2bf874171fa.jpg,720,640,"[451, 372, 64, 32]"
28_jpg.rf.e08a72cd72a137f672f8e2bf874171fa.jpg,720,640,"[489, 408, 74.5, 30.5]"
28_jpg.rf.e08a72cd72a137f672f8e2bf874171fa.jpg,720,640,"[242, 359, 65.5, 37.5]"
28_jpg.rf.e08a72cd72a137f672f8e2bf874171fa.jpg,720,640,"[190, 299, 26, 32.5]"
28_jpg.rf.e08a72cd72a137f672f8e2bf874171fa.jpg,720,640,"[301, 285, 77.5, 43.5]"
28_jpg.rf.e08a72cd72a137f672f8e2bf874171fa.jpg,720,640,"[392, 326, 52.5, 32.5]"
28_jpg.rf.e08a72cd72a137f672f8e2bf874171fa.jpg,720,640,"[222, 314, 65.5, 28]"
28_jpg.rf.e08a72cd72a137f672f8e2bf874171fa.jpg,720,640,"[345, 249, 73.5, 41]"
28_jpg.rf.e08a72cd72a137f672f8e2bf874171fa.jpg,720,640,"[450, 255, 44.5, 39.5]"
28_jpg.rf.e08a72cd72a137f672f8e2bf874171fa.jpg,720,640,"[447, 310, 38, 29]"
28_jpg.rf.e08a72cd72a137f672f8e2bf874171fa.jpg,720,640,"[222, 437, 55, 36]"
28_jpg.rf.e08a72cd72a137f672f8e2bf874171fa.jpg,720,640,"[331, 380, 33.5, 17.5]"
94_jpg.rf.cf32cbb3f76d7f80dc860b13e49328a4.jpg,720,640,"[272, 296, 120.5, 62]"
94_jpg.rf.cf32cbb3f76d7f80dc860b13e49328a4.jpg,720,640,"[39, 290, 98.5, 39.5]"
94_jpg.rf.cf32cbb3f76d7f80dc860b13e49328a4.jpg,720,640,"[648, 259, 45, 25]"
16_jpg.rf.db52db27cc58d2bc5e186ae9d1a01d01.jpg,720,640,"[220, 121, 374.5, 386]"
32_jpg.rf.d2e593c25890636dc9811ec36c92270b.jpg,720,640,"[121, 455, 215, 138.5]"
32_jpg.rf.d2e593c25890636dc9811ec36c92270b.jpg,720,640,"[525, 168, 128.5, 110]"
32_jpg.rf.d2e593c25890636dc9811ec36c92270b.jpg,720,640,"[333, 167, 102, 80]"
32_jpg.rf.d2e593c25890636dc9811ec36c92270b.jpg,720,640,"[454, 79, 70.5, 54]"
89_jpg.rf.dfdb435d250cee8ef2492bbef4771de3.jpg,720,640,"[0, 396, 704, 188]"
14_jpg.rf.de318d66106b769d409536c7a5d21ec5.jpg,720,640,"[336, 320, 290.5, 260.5]"
44_jpg.rf.e8a90e24a956a38853b3b876e0c6a800.jpg,720,640,"[152, 354, 394.5, 220]"
111_jpg.rf.e3e6ddf91ae9197831bf83d093201182.jpg,720,640,"[534, 283, 111, 99.5]"
111_jpg.rf.e3e6ddf91ae9197831bf83d093201182.jpg,720,640,"[287, 282, 156, 103]"
111_jpg.rf.e3e6ddf91ae9197831bf83d093201182.jpg,720,640,"[72, 301, 193, 79.5]"
39_jpg.rf.ea1336d7fa78171ac542f110a020cd27.jpg,720,640,"[217, 262, 83.5, 30]"
39_jpg.rf.ea1336d7fa78171ac542f110a020cd27.jpg,720,640,"[281, 241, 53, 24]"
39_jpg.rf.ea1336d7fa78171ac542f110a020cd27.jpg,720,640,"[349, 162, 55.5, 23]"
39_jpg.rf.ea1336d7fa78171ac542f110a020cd27.jpg,720,640,"[376, 181, 37.5, 24]"
39_jpg.rf.ea1336d7fa78171ac542f110a020cd27.jpg,720,640,"[541, 214, 83, 42.5]"
39_jpg.rf.ea1336d7fa78171ac542f110a020cd27.jpg,720,640,"[189, 416, 156, 144]"
39_jpg.rf.ea1336d7fa78171ac542f110a020cd27.jpg,720,640,"[249, 554, 258.5, 81]"
39_jpg.rf.ea1336d7fa78171ac542f110a020cd27.jpg,720,640,"[129, 206, 26.5, 15.5]"
39_jpg.rf.ea1336d7fa78171ac542f110a020cd27.jpg,720,640,"[62, 265, 63.5, 27]"
39_jpg.rf.ea1336d7fa78171ac542f110a020cd27.jpg,720,640,"[0, 383, 56, 40.5]"
292_jpg.rf.e81a3ca56392edec93d9c24bde0b0ed1.jpg,720,640,"[338, 456, 138.5, 178]"
292_jpg.rf.e81a3ca56392edec93d9c24bde0b0ed1.jpg,720,640,"[452, 309, 86.5, 71.5]"
292_jpg.rf.e81a3ca56392edec93d9c24bde0b0ed1.jpg,720,640,"[501, 258, 50, 48]"
292_jpg.rf.e81a3ca56392edec93d9c24bde0b0ed1.jpg,720,640,"[416, 212, 68, 90.5]"
292_jpg.rf.e81a3ca56392edec93d9c24bde0b0ed1.jpg,720,640,"[290, 295, 83.5, 100.5]"
292_jpg.rf.e81a3ca56392edec93d9c24bde0b0ed1.jpg,720,640,"[323, 192, 31, 24.5]"
292_jpg.rf.e81a3ca56392edec93d9c24bde0b0ed1.jpg,720,640,"[352, 163, 71.5, 39.5]"
292_jpg.rf.e81a3ca56392edec93d9c24bde0b0ed1.jpg,720,640,"[366, 207, 48.5, 42]"
292_jpg.rf.e81a3ca56392edec93d9c24bde0b0ed1.jpg,720,640,"[225, 231, 61.5, 71.5]"
292_jpg.rf.e81a3ca56392edec93d9c24bde0b0ed1.jpg,720,640,"[300, 245, 56, 23]"
72_jpg.rf.e62fd3c73fdec45ae80069915ea6829c.jpg,720,640,"[239, 374, 251.5, 151]"
72_jpg.rf.e62fd3c73fdec45ae80069915ea6829c.jpg,720,640,"[403, 274, 289.5, 102]"
274_jpg.rf.e1d7013c68f24a2a3ed845d9016cd77b.jpg,720,640,"[217, 336, 353.5, 116.5]"
274_jpg.rf.e1d7013c68f24a2a3ed845d9016cd77b.jpg,720,640,"[271, 224, 234.5, 65]"
60_jpg.rf.e9b7de837d42431d3885cf162297d5c7.jpg,720,640,"[44, 301, 676, 238.5]"
68_jpg.rf.e589055f2eb6c42ef521b4e152a8981e.jpg,720,640,"[99, 342, 166.5, 107.5]"
68_jpg.rf.e589055f2eb6c42ef521b4e152a8981e.jpg,720,640,"[255, 268, 430, 196]"
68_jpg.rf.e589055f2eb6c42ef521b4e152a8981e.jpg,720,640,"[353, 198, 184.5, 73]"
68_jpg.rf.e589055f2eb6c42ef521b4e152a8981e.jpg,720,640,"[161, 171, 95, 61.5]"
27_jpg.rf.ebcc7ddbd4063d73a58ee92ff6ec5a1f.jpg,720,640,"[98, 285, 430, 355]"
268_jpg.rf.e455d54d2cb7bc1e4eaa44ff645fe5aa.jpg,720,640,"[461, 384, 258.5, 200]"
268_jpg.rf.e455d54d2cb7bc1e4eaa44ff645fe5aa.jpg,720,640,"[379, 305, 155.5, 65]"
268_jpg.rf.e455d54d2cb7bc1e4eaa44ff645fe5aa.jpg,720,640,"[223, 198, 125, 31.5]"
268_jpg.rf.e455d54d2cb7bc1e4eaa44ff645fe5aa.jpg,720,640,"[306, 264, 175.5, 32.5]"
268_jpg.rf.e455d54d2cb7bc1e4eaa44ff645fe5aa.jpg,720,640,"[182, 160, 110.5, 34]"
3_jpg.rf.eb408610b61edbc170a60e82cd0bd205.jpg,720,640,"[362, 463, 116.5, 84]"
3_jpg.rf.eb408610b61edbc170a60e82cd0bd205.jpg,720,640,"[433, 408, 173, 48.5]"
3_jpg.rf.eb408610b61edbc170a60e82cd0bd205.jpg,720,640,"[505, 365, 119, 43.5]"
3_jpg.rf.eb408610b61edbc170a60e82cd0bd205.jpg,720,640,"[426, 379, 69.5, 31.5]"
3_jpg.rf.eb408610b61edbc170a60e82cd0bd205.jpg,720,640,"[250, 373, 117, 48.5]"
3_jpg.rf.eb408610b61edbc170a60e82cd0bd205.jpg,720,640,"[268, 349, 162, 26]"
3_jpg.rf.eb408610b61edbc170a60e82cd0bd205.jpg,720,640,"[179, 313, 62.5, 18.5]"
3_jpg.rf.eb408610b61edbc170a60e82cd0bd205.jpg,720,640,"[367, 308, 192.5, 35]"
3_jpg.rf.eb408610b61edbc170a60e82cd0bd205.jpg,720,640,"[228, 269, 128, 52]"
3_jpg.rf.eb408610b61edbc170a60e82cd0bd205.jpg,720,640,"[355, 254, 60.5, 40]"
3_jpg.rf.eb408610b61edbc170a60e82cd0bd205.jpg,720,640,"[451, 242, 68.5, 20]"
3_jpg.rf.eb408610b61edbc170a60e82cd0bd205.jpg,720,640,"[511, 283, 45.5, 25.5]"
3_jpg.rf.eb408610b61edbc170a60e82cd0bd205.jpg,720,640,"[627, 280, 89.5, 103]"
3_jpg.rf.eb408610b61edbc170a60e82cd0bd205.jpg,720,640,"[241, 227, 69, 24]"
3_jpg.rf.eb408610b61edbc170a60e82cd0bd205.jpg,720,640,"[396, 207, 48.5, 23]"
3_jpg.rf.eb408610b61edbc170a60e82cd0bd205.jpg,720,640,"[475, 585, 98, 55]"
247_jpg.rf.e54b1cef752bd2f4c53b5ca26179b3fb.jpg,720,640,"[232, 376, 233, 125]"
